x,Z,T00,T01
5.0,1.438239145834519,2.068531840610807,-0.46996009241103304
5.045045045045045,1.4070091468928319,1.9796747394400944,-0.6564696424176336
5.09009009009009,1.374480562738148,1.889196817344976,-0.9132927411508058
5.135135135135135,1.3406448477940114,1.797328607916628,-1.2624342795473453
5.18018018018018,1.3054908920358175,1.7043064691884744,-1.3352665846327556
5.225225225225225,1.2690117675853883,1.6103908662701913,-0.8261136596612548
5.27027027027027,1.231197392256914,1.515847018700225,-1.370552955990939
5.315315315315315,1.1920398575332194,1.420959021947818,-0.7506259972925794
5.36036036036036,1.1515301110130631,1.3260215965697575,-1.5256438397455507
5.405405405405405,1.109660492703293,1.2313464090665147,-1.1192364023297805
5.45045045045045,1.0664219680919593,1.137255814029128,-1.363304489342349
5.495495495495495,1.0218044300529947,1.0440842932759253,-0.5621813911688771
5.54054054054054,0.9758013848748298,0.9521883427236357,-1.3398909287652703
5.585585585585585,0.9284048425205351,0.8619355516155797,-0.9575810806419681
5.63063063063063,0.879605892447321,0.773706526028048,-1.1764677176706442
5.675675675675675,0.8293969090777328,0.6878992327876969,-0.8699413900217157
5.7207207207207205,0.7777689324249268,0.6049245122454104,-0.653957532495791
5.7657657657657655,0.7247132681410074,0.5252093210196198,-0.8543006338527053
5.8108108108108105,0.6702243705595816,0.4492007068919874,-0.8817924524133898
5.8558558558558556,0.614292952361721,0.3773558313212796,-1.2304629078155918
5.900900900900901,0.5569106645926751,0.3101494883370551,-0.8906166644592711
5.945945945945946,0.4980706647376983,0.24807438707225266,-0.5885823873240683
5.990990990990991,0.43776459545916196,0.19163784103752374,-0.41573705280996226
6.036036036036036,0.37598519775944433,0.14136486893420847,-0.5424867223610983
6.081081081081081,0.31272511287989274,0.09779699622574166,-0.40115535313740236
6.126126126126126,0.24797494685571905,0.06149157426809669,-0.34154937315481587
6.171171171171171,0.1817299905737142,0.03302578947392225,-0.21020394072935236
6.216216216216216,0.1139814530196044,0.012991771632460285,-0.17002136977153445
6.261261261261261,0.04472121546506752,0.0019999871126729946,-0.06627101870885142
6.306306306306306,-0.026056238752715823,0.0006789275779385298,0.05917646129626871
6.351351351351351,-0.09835833762083233,0.00967436257953364,0.20953450495487957
6.396396396396396,-0.17219507279451854,0.02965114309470954,0.3905795811828646
6.441441441441441,-0.24756967889033227,0.06129074590586223,0.31839669160425743
6.486486486486486,-0.3244943247632592,0.10529656680356352,0.5535160163246652
6.531531531531531,-0.40297174306528255,0.1623862257090721,0.7177335742341163
6.576576576576576,-0.4830087877042024,0.23329748899948327,0.9117099280291091
6.621621621621621,-0.5646149648379525,0.3187900585189623,1.1956763828757602
6.666666666666666,-0.6477960143611324,0.4196396762221685,1.6841545252444217
6.711711711711711,-0.7325613990755566,0.5366462034155369,0.70946894558233
6.756756756756756,-0.8189113167912319,0.6706157447687493,2.092269473566898
6.801801801801801,-0.9068575178077797,0.8223905576044874,1.9594444497331263
6.846846846846847,-0.9964078256224813,0.9928285549617212,2.8505747522177343
6.891891891891892,-1.0875675120798318,1.1828030933315152,2.601452338371663
6.936936936936937,-1.180339060299706,1.3932002972691928,2.4905318968616976
6.981981981981982,-1.2747369375633302,1.6249542599883375,2.7507753980940115
7.027027027027026,-1.370761724240669,1.8789877046432522,3.071022031586811
7.072072072072071,-1.468420925592216,2.1562600147171005,4.126074545784795
7.117117117117116,-1.567723735134271,2.45775770970335,4.051888547944901
7.162162162162162,-1.6686731660481442,2.7844701350891374,3.806695793690695
7.207207207207207,-1.771279783471391,3.1374320713344575,3.296660601287634
7.252252252252252,-1.8755444493620739,3.517666981532885,4.255613602488737
7.297297297297297,-1.9814781782132203,3.926255770735182,4.9565118550668545
7.342342342342342,-2.0890849723941516,4.364276021883073,5.799505243005552
7.387387387387387,-2.1983713767218616,4.832836709989973,4.471821051782148
7.4324324324324325,-2.3093428059327255,5.333064195313233,4.621794319644139
7.4774774774774775,-2.4220085963617106,5.866125640850024,6.83117493187283
7.5225225225225225,-2.53637132851312,6.433179516103411,7.984755301098943
7.5675675675675675,-2.652439130278152,7.035433339830719,5.126822757602932
7.612612612612613,-2.770217732016834,7.674106282780492,5.358052767723867
7.657657657657658,-2.889712923864713,8.350440782350748,8.412725479867802
7.702702702702703,-3.010928089668776,9.065687961156463,8.675791722598706
7.747747747747748,-3.133874729264478,9.821170818722507,7.23444635985001
7.792792792792793,-3.2585565030042396,10.618190483271219,12.74875119535268
7.837837837837838,-3.3849761828638205,11.45806375855532,9.99402611404769
7.882882882882883,-3.5131407799644716,12.342158139849376,16.76460347504616
7.927927927927928,-3.643056908996457,13.271863642186819,13.198835138792084
7.972972972972973,-3.7747321746293143,14.248602990181752,6.737748564295346
8.018018018018019,-3.9081747797946567,15.273830109423013,3.1125131660124405
8.063063063063062,-4.043382097371268,16.348938785342472,14.817124197252626
8.108108108108109,-4.180368523950506,17.47548099603613,13.845464398322596
8.153153153153152,-4.319130281487382,18.654886388461275,8.560556833763156
8.198198198198199,-4.459676293429877,19.888712642180444,10.467550734764872
8.243243243243242,-4.602020697677164,21.17859450184901,14.90285519784937
8.288288288288289,-4.746162057096524,22.52605427222271,29.756046581182588
8.333333333333332,-4.892093722788956,23.932580992551106,11.401448822196933
8.378378378378379,-5.039849204615242,25.40008000526089,17.84659333704684
8.423423423423422,-5.1894170157225386,26.930048963070618,33.221285792090114
8.468468468468469,-5.340790361568864,28.524041686226877,30.39004507329371
8.513513513513512,-5.494006296286933,30.18410518364047,24.498410696719493
8.558558558558559,-5.649037978961231,31.91163008774639,39.75844144050225
8.603603603603602,-5.805910975490447,33.708602255320436,26.474022798900187
8.64864864864865,-5.964630234410893,35.57681383324854,11.013331251440894
8.693693693693694,-6.125187734671521,37.51792478497045,43.163463231866345
8.73873873873874,-6.28759201650988,39.533813366078775,10.380645986737656
8.783783783783784,-6.451852569518073,41.626401578796965,34.86584154172337
8.82882882882883,-6.617991721058537,43.79781441999934,72.02591291673468
8.873873873873874,-6.785980044937116,46.04952517028474,55.2444125862643
8.91891891891892,-6.955849338356354,48.38384001791253,53.85114435141047
8.963963963963964,-7.1276032210875995,50.802727677258325,18.28947240393049
9.00900900900901,-7.3012250796203455,53.30788766327712,44.93495219670908
9.054054054054053,-7.476733567948896,55.901544846093834,52.644925573366265
9.0990990990991,-7.654146022950507,58.58595134064907,26.838667864380763
9.144144144144143,-7.833461407580552,61.363117624053885,3.6496148628923333
9.18918918918919,-8.014654639370088,64.23468898837648,45.443805281121335
9.234234234234233,-8.197773756334115,67.20349456004034,10.311094841007893
9.27927927927928,-8.382801337282293,70.27135826034181,-3.5108184504710622
9.324324324324325,-8.569744371823939,73.44051859840808,32.68429273298733
9.36936936936937,-8.758598545997017,76.71304848994107,-13.768221440470755
9.414414414414415,-8.949402445078686,80.09180412398037,-22.88859198102115
9.45945945945946,-9.142120581393206,83.57836872473325,101.61002289492177
9.504504504504505,-9.336784750577495,87.17554947861646,61.28728670606298
9.54954954954955,-9.533398869512133,90.88569400521523,73.10161852303641
9.594594594594595,-9.731940599607594,94.7106678342906,17.39190401935143
9.63963963963964,-9.932446930319687,98.65350202361697,37.03929533088546
9.684684684684685,-10.134902459772242,102.71624786909744,27.792639368594937
9.72972972972973,-10.339313630058035,106.90140634070386,27.93822325810627
9.774774774774775,-10.545699163696892,111.21177085119731,88.60738391522061
9.81981981981982,-10.754055339185493,115.64970623826402,13.390513519091416
9.864864864864865,-10.964388841351713,120.21782266435797,105.63004081226724
9.90990990990991,-11.17668772486907,124.91834849923896,36.4448243174275
9.954954954954955,-11.390988597539073,129.75462122926515,52.8964911096931
10.0,-11.607268861346665,134.7286904195879,7.615745834126873
10.045045045045045,-11.825539098390157,139.8433749675543,31.155132875878316
10.09009009009009,-12.045812098967643,145.10158912363525,87.6911823479686
10.135135135135135,-12.268085846415566,150.50593033502193,55.495588125958875
10.18018018018018,-12.492368268489198,156.0592649555558,68.39016415063236
10.225225225225225,-12.71865758990793,161.76425088932262,62.55188342064308
10.27027027027027,-12.946969016927453,167.6240067252794,75.28427718415249
10.315315315315315,-13.177297355922807,173.6411656064102,48.26061544896901
10.36036036036036,-13.409649959294391,179.81871203080408,45.69909795188652
10.405405405405405,-13.644037929694832,186.15977102695123,81.90925174302623
10.45045045045045,-13.880452635654853,192.66696537065775,66.32494339446677
10.495495495495495,-14.118902992989986,199.34342172546158,71.98089037798151
10.54054054054054,-14.359400661310177,206.19238735203515,84.51116564801289
10.585585585585585,-14.60194522767775,213.216804432101,104.99945377682751
10.63063063063063,-14.846538426050255,220.4197032361868,72.90262044100565
10.675675675675675,-15.093185657162103,227.8042532815638,91.61519244757243
10.72072072072072,-15.341894391803178,235.3737235292418,72.05141921510514
10.765765765765765,-15.592671039819667,243.13139015603093,71.50168090304979
10.81081081081081,-15.845502006521173,251.0799338386665,59.30010388206585
10.855855855855856,-16.100421545838266,259.22357395369306,108.32121008254039
10.9009009009009,-16.357409710757178,267.56485244557325,82.80901595097117
10.945945945945946,-16.616487514831945,276.1076573305659,111.23320863570562
10.99099099099099,-16.877642199573362,284.85480621681955,148.03634364235924
11.036036036036036,-17.140888875942075,293.81007145739477,109.74114558882077
11.08108108108108,-17.406226523842964,302.9767217993343,32.43766492756115
11.126126126126126,-17.673652441838083,312.35799063488923,71.32972002576778
11.17117117117117,-17.94319197241132,321.95813815880604,17.242811443234878
11.216216216216216,-18.21483085426032,331.78006304931375,84.60144145045392
11.26126126126126,-18.48858858054361,341.82790770060757,89.99330783452275
11.306306306306306,-18.764448098753423,352.10451245081094,58.955765800433
11.35135135135135,-19.04243409048638,362.6142960905179,114.96662289409693
11.396396396396396,-19.32254940356963,373.3609154533891,32.436671256510934
11.441441441441441,-19.60477725604244,384.3472912590389,159.78638966311948
11.486486486486486,-19.889137407955342,395.57778683252855,63.41442758228559
11.531531531531531,-20.175624134329453,407.0558092097371,150.64846605776614
11.576576576576576,-20.46425970687978,418.7859253506233,163.69621260855368
11.621621621621621,-20.75503157862638,430.7713358297782,109.14498604362575
11.666666666666666,-21.047958260559753,443.01654693826555,191.24369832162728
11.711711711711711,-21.343028292503316,455.524856694597,187.48310347744174
11.756756756756756,-21.640251825702354,468.3004990798141,241.55572159131685
11.801801801801801,-21.93963653135441,481.34765112794094,94.29424046820837
11.846846846846846,-22.241177372039896,494.6699708945395,204.80544973782116
11.891891891891891,-22.544881627498217,508.27168759790663,129.72767023738757
11.936936936936936,-22.850758296102303,522.1571547068882,128.1536125827702
11.981981981981981,-23.158804608455743,536.330230892631,167.96369256317865
12.027027027027026,-23.469030873132727,550.7954101240571,251.77392723598138
12.072072072072071,-23.78144196173687,565.5569817794592,338.9937605898368
12.117117117117116,-24.096030987332917,580.6187093425082,198.94040660294763
12.162162162162161,-24.412805962307434,595.9850949532735,168.1661471452237
12.207207207207206,-24.731782501666583,611.6610657097414,222.96255408079153
12.252252252252251,-25.05294785106895,627.6501960283804,217.27894146211702
12.297297297297298,-25.37631229839202,643.957225865522,291.12731616416823
12.342342342342342,-25.701881281710158,660.586701419123,308.0837939196724
12.387387387387388,-26.029657336110354,677.5430610353236,9.617666495200458
12.432432432432432,-26.359645134609014,694.8308916225167,270.09503905598734
12.477477477477478,-26.6918386031031,712.4542480141049,91.13034438168036
12.522522522522522,-27.026265796394974,730.4190428973889,128.4198962444044
12.567567567567568,-27.362901582527304,748.7283830150752,173.13178839482282
12.612612612612612,-27.701765941330105,767.3878362682366,60.52996856529409
12.657657657657658,-28.042866012385154,786.4023341885865,305.0774929432667
12.702702702702702,-28.386185771679546,805.7755426643023,120.51027855867142
12.747747747747749,-28.73174474367035,825.5131560154289,375.74048466313207
12.792792792792792,-29.07955157979704,845.6203200820765,231.26978861905874
12.837837837837839,-29.429591312002145,866.1008447914721,242.6275533874307
12.882882882882882,-29.78188440400793,886.9606386536907,213.15152208203455
12.927927927927929,-30.13642306256533,908.2039950059196,161.47229419635588
12.972972972972972,-30.493218352109817,929.836365469447,143.34979045013063
13.018018018018017,-30.852268403442725,951.8624656380703,131.72573345626253
13.063063063063062,-31.21358258874517,974.2877380244156,200.90989498818095
13.108108108108107,-31.57715377648321,997.1166406236679,438.26310251004924
13.153153153153152,-31.943007218294767,1020.3557101480316,431.24483620532817
13.198198198198197,-32.311128178325525,1044.0090041561818,251.93566439757274
13.243243243243242,-32.681512636950444,1068.0812682391515,145.3931414798339
13.288288288288287,-33.054189723433254,1092.5794582727206,-46.1574780671208
13.333333333333332,-33.42914488434366,1117.5077276984398,-13.819198120742458
13.378378378378377,-33.80637303240971,1142.8708576064384,204.4415008674182
13.423423423423422,-34.18590588486998,1168.676161169188,430.58224270033185
13.468468468468467,-34.5677235859903,1194.9275139174301,629.9533610157686
13.513513513513512,-34.95181885170607,1221.629641042476,659.123244034299
13.558558558558557,-35.33823720410108,1248.7910086933134,508.76680641694645
13.603603603603602,-35.726929780352876,1276.4135115302652,683.1286043233088
13.64864864864865,-36.11797250412538,1304.507937808757,135.13157626742077
13.693693693693694,-36.51132250400241,1333.0766709912727,99.68484730583197
13.73873873873874,-36.9069524598449,1362.1231398732516,275.63079367048095
13.783783783783784,-37.30487751067377,1391.6538860863736,693.7310373263927
13.82882882882883,-37.705155602667695,1421.678759021383,1046.1755141798571
13.873873873873874,-38.107726465509934,1452.1988163701262,-319.993699038109
13.91891891891892,-38.51264540801378,1483.223856323405,-511.7006531163591
13.963963963963964,-38.9199431426101,1514.761974224003,427.5926545297555
14.00900900900901,-39.329549787772166,1546.8134865088496,542.1789702174614
14.054054054054054,-39.74125871824252,1579.3676445102872,-1583.554336845993
14.0990990990991,-40.15582238671871,1612.4900715536996,162.26967129029774
14.144144144144144,-40.5709807630398,1646.0044800749454,-25313.790132699305
14.18918918918919,-40.99118980699331,1680.2776417929524,-2076.7006699858393
14.234234234234235,-41.412608668617935,1715.0041567400892,1009.5056585322861
14.27927927927928,-41.83611412585626,1750.26044515167,-1009.6978431329625
14.324324324324325,-42.26215897936408,1786.090081597044,417.8584232778415
14.36936936936937,-42.69052320021165,1822.4807711078092,9.004991757581996
14.414414414414415,-43.12122331780052,1859.4399004236234,-338.8272806889151
14.45945945945946,-43.55434238432119,1896.9807405306772,995.3519497125185
14.504504504504505,-43.98976694091193,1935.099595515748,1088.8004125778696
14.54954954954955,-44.42755454432633,1973.8076027890909,401.8406006395007
14.594594594594595,-44.86776177765392,2013.116046936302,143.24246592062036
14.63963963963964,-45.31033949402871,2053.026865064138,145.70961447048043
14.684684684684685,-45.75526838469578,2093.5445849555413,367.2894804695473
14.72972972972973,-46.20262496316727,2134.6825534870873,623.7246888746189
14.774774774774775,-46.65233003992049,2176.439898153668,435.94589243184976
14.81981981981982,-47.10442921369879,2218.8272515483604,213.2977387513605
14.864864864864865,-47.558939711915556,2261.8527465216184,625.1682968916604
14.90990990990991,-48.01583469727648,2305.52038167618,901.7960837093327
14.954954954954955,-48.47513007400123,2349.8382356913385,-107.021284470148
15.0,-48.93681709861042,2394.812067742849,838.8463737859196
15.045045045045045,-49.40091943120604,2440.4508406485106,324.41913076277586
15.09009009009009,-49.86740689410431,2486.758270342162,298.0709672454452
15.135135135135135,-50.336345172392114,2533.747645314203,526.8407265105002
15.18018018018018,-50.80766203943199,2581.418521913138,795.0514312058272
15.225225225225225,-51.28142760560294,2629.7848172686954,939.3468627881276
15.27027027027027,-51.757590631692985,2678.8481879979136,652.3392223417683
15.315315315315315,-52.23618714484927,2728.619247431716,1206.5108069224295
15.36036036036036,-52.71720027653677,2779.103204996489,-121.46464038175036
15.405405405405405,-53.200646959379974,2830.3088368965855,402.4875322464345
15.45045045045045,-53.686519295846416,2882.2423541032895,-196.04337689548947
15.495495495495495,-54.17482114671169,2934.9112462782005,414.9126965863006
15.54054054054054,-54.665577863419806,2988.3254031416136,641.088680666671
15.585585585585585,-55.15876949020523,3042.4898516735952,501.9897110646503
15.63063063063063,-55.65440810273701,3097.4131412659985,1075.647410230727
15.675675675675675,-56.152474633401006,3153.1004074547436,785.2682353136078
15.72072072072072,-56.652997541191155,3209.562130402211,408.32258624567464
15.765765765765765,-57.15599071640905,3266.8072747742376,98.9666513594461
15.81081081081081,-57.661414196161964,3324.8386871013486,500.5934382047168
15.855855855855856,-58.169318462302556,3383.669610368773,832.7079675707761
15.9009009009009,-58.67966387399603,3443.3029523651544,597.813490257387
15.945945945945946,-59.192494525336606,3503.751408132004,481.22861496405886
15.99099099099099,-59.70776887692121,3565.017664259841,297.5582747245373
16.036036036036037,-60.225527905922874,3627.114211547095,753.270935520307
16.08108108108108,-60.74575030718334,3690.046180382665,851.3393015072355
16.126126126126124,-61.26846549246683,3753.824863801599,509.78108617142135
16.17117117117117,-61.79363525908783,3818.4533585331824,831.0663711626424
16.216216216216218,-62.32130443554483,3883.94498654786,479.019848286244
16.26126126126126,-62.85143587273668,3950.302991264731,531.9834537190599
16.306306306306304,-63.384074940346096,4017.54095604341,633.0931649196507
16.35135135135135,-63.919184857386455,4085.6621928327418,689.469569658987
16.396396396396398,-64.45679886687013,4154.67892016415,627.0215055372431
16.44144144144144,-64.99691713950709,4224.599237639951,587.0463851079388
16.486486486486484,-65.53951339657243,4295.427816259497,298.58874193253166
16.53153153153153,-66.08461686795827,4367.176586584836,879.2382778469618
16.576576576576578,-66.63224136559455,4439.85558940285,789.7720736518434
16.62162162162162,-67.18235954675883,4513.469434269978,1341.6007751096306
16.666666666666664,-67.7349688683727,4588.026007599419,1281.683227626336
16.71171171171171,-68.29012637861355,4663.54136080701,1166.878842196137
16.756756756756758,-68.84776640197407,4740.014938540789,431.60310410612715
16.8018018018018,-69.40791425301585,4817.458560954,981.3252662526916
16.846846846846844,-69.97061308504165,4895.8866954966015,911.9383563543911
16.89189189189189,-70.53582615396421,4975.302771222261,30.45571407552152
16.936936936936938,-71.10356086454237,5055.7163676176815,865.9135411911134
16.98198198198198,-71.67381273186612,5137.135431522614,1078.3155698986477
17.027027027027025,-72.2466157589148,5219.573488616276,1325.259045817095
17.07207207207207,-72.82193141927513,5303.0336956336105,297.25053238873613
17.117117117117118,-73.3997955481497,5387.529986510176,1375.623454234658
17.16216216216216,-73.98019237846069,5473.0688643540525,592.4468008207479
17.207207207207205,-74.56313699535275,5559.661398587742,278.54136874212867
17.25225225225225,-75.1486121284647,5647.313904834433,1616.9402719072482
17.2972972972973,-75.73664868373474,5736.039953843459,2031.185581859812
17.34234234234234,-76.32722683565152,5825.845556421001,1165.6590706495629
17.387387387387385,-76.92035357262618,5916.740793737826,325.58295750439896
17.43243243243243,-77.51605412361202,6008.738646894749,583.128952576609
17.47747747747748,-78.11431053681584,6101.845510642098,2022.8021546478299
17.52252252252252,-78.71511062326455,6196.068640432775,-231.92650022299242
17.567567567567565,-79.3184543237022,6291.417196301232,1854.3068794134379
17.61261261261261,-79.92439578385515,6387.909041414322,2424.2258696845074
17.65765765765766,-80.53286192795277,6485.541850306704,181.39830790675012
17.7027027027027,-81.14397776334077,6584.345127257541,-54.56366382401512
17.747747747747745,-81.75761455079767,6684.307537036802,2182.792423643691
17.792792792792792,-82.37378651983451,6785.4407056152695,267.3574178231335
17.83783783783784,-82.99263346549104,6887.777209537343,-575.6744882206217
17.882882882882882,-83.61398393122485,6991.298308851127,2354.374040853984
17.927927927927925,-84.23792899314253,7096.028681053724,521.553689898493
17.972972972972972,-84.86456179175498,7201.993848106599,1139.064927904055
18.01801801801802,-85.49361810978806,7309.158737502281,2689.0874458754124
18.063063063063062,-86.1253332176594,7417.573021852866,1649.9889826847016
18.108108108108105,-86.75968036401127,7527.242136865403,-244.4810221774018
18.153153153153152,-87.39650644724782,7638.149339183829,841.5235173737904
18.1981981981982,-88.03608293150593,7750.35189792299,942.8087362516865
18.243243243243242,-88.67816288566534,7863.8165727765945,186.29709173855932
18.288288288288285,-89.32284556011841,7978.570738956765,-143.23514654863328
18.333333333333332,-89.97020975839678,8094.6386439699145,1743.3631504963475
18.37837837837838,-90.62015439479282,8212.012382536088,2359.1353046250724
18.423423423423422,-91.27266984816772,8330.700261212625,2581.1019064551933
18.468468468468465,-91.92783124494194,8450.726157398523,1393.8056175543281
18.513513513513512,-92.58558101512163,8572.089811907652,3304.1629876839174
18.55855855855856,-93.2459928238821,8694.815177711473,1204.431881798253
18.603603603603602,-93.90898179797156,8818.896862331754,1805.0736906467027
18.648648648648646,-94.57461195392389,8944.357226235285,3241.480379662085
18.693693693693692,-95.24289032472002,9071.208157406647,-1223.4905451004079
18.73873873873874,-95.91370465019904,9199.438739725612,3015.0201983973375
18.783783783783782,-96.58724503163171,9329.095902800464,2175.664415712167
18.828828828828826,-97.26343214479209,9460.175232584575,1291.9833682788428
18.873873873873872,-97.94216679950128,9592.66803738133,1307.01406114816
18.91891891891892,-98.62357884746916,9726.610304682967,2399.918105419777
18.963963963963963,-99.30764688070718,9862.008728983232,1585.276459084052
19.009009009009006,-99.99435104732768,9998.870241376202,249.71774041188095
19.054054054054053,-100.68367813508199,10137.203042808787,2738.095476450512
19.0990990990991,-101.37570779479039,10277.034130894725,-1900.3339149449278
19.144144144144143,-102.07034923944836,10418.356193862957,1711.3897731561267
19.189189189189186,-102.7676008869983,10561.179792069373,1100.7429240341437
19.234234234234233,-103.46757507826209,10705.539092575802,2441.224920410542
19.27927927927928,-104.17018300144622,10851.427026554795,1501.8433141456057
19.324324324324323,-104.875434674188,10998.856798099874,1464.4456315083717
19.369369369369366,-105.58337047076354,11147.848119966502,3514.904255410255
19.414414414414413,-106.29397081024054,11298.408230608267,2220.32593352649
19.45945945945946,-107.00716631265126,11450.533642263408,1514.261528826159
19.504504504504503,-107.72314391704067,11604.275735371457,3749.150901808297
19.54954954954955,-108.44174394545952,11759.611829932606,2468.413323525288
19.594594594594597,-109.16301259041342,11916.563317814758,460.1545889414199
19.63963963963964,-109.88694441392364,12075.140552628745,1229.6702422672217
19.684684684684683,-110.61352309211986,12235.351490850933,3622.4135679681435
19.72972972972973,-111.3428897137667,12397.239089812014,4745.320845971688
19.774774774774777,-112.07484820439731,12560.771600038699,-67.67218099245802
19.81981981981982,-112.80955212072564,12725.995049678715,2022.1519428040378
19.864864864864863,-113.54688398253042,12892.894862142222,2417.3414742027326
19.90990990990991,-114.28691117487965,13061.49806589483,2066.521109895644
19.954954954954957,-115.02964923283099,13231.820202628136,690.4993089364103
20.0,-115.77513170379916,13403.881121032042,2754.2862289648547
20.045045045045043,-116.52322096062153,13577.661023037828,1354.7149176079859
20.09009009009009,-117.27405019968334,13753.202850237849,1894.6567265351378
20.135135135135137,-118.02760420792856,13930.515355063437,2977.4668408609764
20.18018018018018,-118.7838516373481,14109.603409803527,3815.103809111634
20.225225225225223,-119.5427877938009,14290.478113513713,2770.3853560199173
20.27027027027027,-120.30436909637011,14473.141223675651,1290.8180680500604
20.315315315315317,-121.06871611436614,14657.63402158098,2691.1783735170584
20.36036036036036,-121.83586869682992,14843.97890111118,1177.7584588078364
20.405405405405403,-122.60566858082059,15032.149968150017,1473.34960603276
20.45045045045045,-123.37815199467437,15222.16838962097,1059.0370222416736
20.495495495495497,-124.15332081073807,15414.047068334046,2806.910939569875
20.54054054054054,-124.93127059445908,15607.822372345956,-1698.8964648399312
20.585585585585584,-125.71197859514113,15803.501562305222,5231.916865945624
20.63063063063063,-126.49535783148235,16001.075552914763,1850.0641970767394
20.675675675675677,-127.28150486105517,16200.58147969481,3681.3974298411354
20.72072072072072,-128.0702986374488,16402.001393085317,-5437.320458307688
20.765765765765764,-128.86182901370188,16605.370976756538,6071.989531030276
20.81081081081081,-129.65612247787203,16810.710095996954,13304.715199795815
20.855855855855857,-130.4532977008364,17018.06288102305,5726.789206395435
20.9009009009009,-131.25285700006276,17227.312470678924,-9969.001828996948
20.945945945945944,-132.05568469549314,17438.7038603955,-1390.2314131609612
20.99099099099099,-132.8603126972136,17651.862690001377,25079.597359591833
21.036036036036034,-133.6684655193744,17867.258674304183,36011.299410572305
21.08108108108108,-134.47949700494416,18084.735114702788,-48711.556563475606
21.126126126126124,-135.29292816524725,18304.17641152675,-14356.417729585788
21.17117117117117,-136.10938894595057,18525.76575924005,20376.14524824171
21.216216216216214,-136.9284331171777,18749.395795925404,2793.8926894957704
21.26126126126126,-137.75023412222765,18975.12700072853,-1844.4952582660194
21.306306306306304,-138.57476926965018,19202.96667813678,-2213.297878928809
21.35135135135135,-139.40207619200507,19432.938846641588,-11232.447029976778
21.396396396396394,-140.23218805187747,19665.066565817127,3085.4840747038184
21.44144144144144,-141.06499307571048,19899.332271450243,-2103.889526706777
21.486486486486484,-141.90052621701204,20135.75934066492,1692.4427348963386
21.53153153153153,-142.73891822164143,20374.39877508444,-2148.2624769992153
21.576576576576574,-143.5800978446673,20615.244497084237,612.1944514238357
21.62162162162162,-144.424006882472,20858.293763988324,1086.0988656160057
21.666666666666664,-145.27070209577636,21103.576887399802,-1175.1538205307977
21.71171171171171,-146.1200998644662,21351.083584401575,-2334.8272271217634
21.756756756756754,-146.97234901267745,21600.87137430427,2371.8631324389294
21.8018018018018,-147.82737258326733,21852.93208487214,1029.5672756639724
21.846846846846844,-148.68521285923416,22107.29252299577,4387.458302829406
21.89189189189189,-149.54581835287016,22363.951786829635,6320.030948586419
21.936936936936934,-150.40919146015773,22622.924875698383,2363.889505505273
21.98198198198198,-151.2753399587235,22884.228479627363,357.55857750612654
22.027027027027025,-152.14429866486878,23147.887616224794,4662.878547576633
22.07207207207207,-153.01608130689766,23413.921138519116,3673.384595875338
22.117117117117115,-153.8906244199214,23682.32428435331,1619.1906295223553
22.16216216216216,-154.76799434598325,23953.132073878303,-1425.1546640425418
22.207207207207205,-155.6481626716389,24226.35054305696,3566.6725584272635
22.25225225225225,-156.53110461572786,24501.98671221994,4353.492352782124
22.2972972972973,-157.4168418881518,24780.06211003938,3200.2002584358306
22.34234234234234,-158.30544779314073,25060.614800986805,6300.984962535829
22.38738738738739,-159.19683125467952,25343.631081530908,5918.1566178570465
22.43243243243243,-160.09101003483283,25629.131493972945,1837.8087401600412
22.47747747747748,-160.98797481621946,25917.12803542771,3378.39355998569
22.52252252252252,-161.88782029736433,26207.666360631727,3694.811236166841
22.56756756756757,-162.79045678754747,26500.73282109836,5857.851957849125
22.61261261261261,-163.69591660141342,26796.353111976896,2544.2771181802354
22.65765765765766,-164.6041791154641,27094.535782275787,1570.7469900920355
22.7027027027027,-165.51526412410644,27395.302658072716,3064.5386071090315
22.74774774774775,-166.42920248672664,27698.679440367858,44.96695990666506
22.792792792792792,-167.34592963967924,28004.660166968475,3663.834924853222
22.83783783783784,-168.2655283527585,28313.288031832977,1444.259050180889
22.882882882882882,-169.1879315358909,28624.556177393304,3055.0840421353946
22.92792792792793,-170.11315746253192,28938.48634187218,4572.025796140359
22.972972972972972,-171.0412711819523,29255.11644753815,6680.9066195582045
23.01801801801802,-171.97218212700747,29574.431425524628,5857.341919395215
23.063063063063062,-172.90588722972322,29896.445838697764,3932.7324895773845
23.10810810810811,-173.8425076680296,30221.217472308934,6214.725707458362
23.153153153153152,-174.78194424104788,30548.72803268077,7839.962441949347
23.1981981981982,-175.72423960954345,30879.008386352238,1599.980849201884
23.243243243243242,-176.6693609792272,31212.06310880849,5574.907524696311
23.28828828828829,-177.61731839384882,31547.911793421867,4146.444752213995
23.333333333333332,-178.5681577334213,31886.586956308023,3171.6276636802154
23.37837837837838,-179.52182056302206,32228.08405826189,680.5652339490447
23.423423423423422,-180.47841750509548,32572.459185143554,8277.94004884476
23.46846846846847,-181.43776544749025,32919.662730578486,6237.796563577576
23.513513513513512,-182.40000279935742,33269.761021205595,-3957.8461982155645
23.55855855855856,-183.36516764490014,33622.78470544233,1865.7731738098846
23.603603603603602,-184.3330813633984,33978.68488492526,10504.006853833085
23.64864864864865,-185.30393783103688,34337.54937568878,8297.204561487575
23.693693693693692,-186.27770754931367,34699.38432982763,4452.825197866269
23.73873873873874,-187.25426199988647,35064.15863712213,8152.881712326901
23.783783783783782,-188.23371404063747,35431.93110153248,8225.25712397611
23.82882882882883,-189.21600250634063,35802.6956044795,1737.6227677571649
23.873873873873872,-190.20123613252125,36176.5102263391,3933.3085816380208
23.91891891891892,-191.1892918537315,36553.34531953133,4498.521610461652
23.963963963963963,-192.180243161508,36933.24586161634,4001.3601172819886
24.00900900900901,-193.17406464389077,37316.219251042094,-3072.749461172756
24.054054054054053,-194.17079070589074,37702.29596335082,5941.220237476935
24.0990990990991,-195.17037162090844,38091.4739586435,9610.639994571799
24.144144144144143,-196.17279572553093,38483.76578277089,-5858.184358798089
24.18918918918919,-197.17814535805553,38879.221006842476,2253.928588315501
24.234234234234233,-198.18638344288098,39277.84258216865,5987.524794386775
24.27927927927928,-199.19759340152896,39679.68121696085,5224.101476758347
24.324324324324323,-200.2116266785152,40084.695457257134,5926.188468910852
24.36936936936937,-201.22854017166597,40492.92537961979,2825.734296976397
24.414414414414413,-202.24834693979815,40904.39383988096,5191.148369469541
24.45945945945946,-203.2711332786256,41319.15362437677,14348.490357720344
24.504504504504503,-204.29678173937452,41737.175029065635,6811.384222510314
24.54954954954955,-205.32543908514776,42158.53593550873,-5838.93900650507
24.594594594594593,-206.3566850662709,42583.081471540114,-11434.807303582698
24.63963963963964,-207.390986325792,43011.021209184844,-1576.096711531505
24.684684684684683,-208.4283546469395,43442.37902083039,-3177.764415376204
24.72972972972973,-209.4686389946266,43877.1107222612,21681.883352354886
24.774774774774773,-210.51146973341162,44315.07888932108,-1801.999085373762
24.81981981981982,-211.55782428425886,44756.71301588935,-22437.55889671785
24.864864864864863,-212.6064016925181,45201.48204064036,-40874.33501223211
24.90990990990991,-213.65863074020703,45650.01048978014,-15837.320702240677
24.954954954954953,-214.71258697096073,46101.49500376238,-85746.57233179333
25.0,-215.77612266399092,46559.33511190565,205104.45898377273
25.045045045045043,-216.8309773785904,47015.672750954785,-775.4805882905438
25.09009009009009,-217.89482289953534,47478.153846419875,60511.36120719164
25.135135135135133,-218.9610369972098,47943.935722893475,-26133.539876229865
25.18018018018018,-220.03045482940513,48413.40105243489,5394.214521316867
25.225225225225223,-221.10322417826313,48886.63574202328,-34782.99333460967
25.27027027027027,-222.1781691072883,49363.1388278668,10601.34421885357
25.315315315315313,-223.25631671848325,49843.3829547037,-827.6271732184262
25.36036036036036,-224.33743425796342,50327.28440944606,-4040.295988568991
25.405405405405403,-225.42137518362208,50814.796389675306,-4076.2703046050606
25.45045045045045,-226.5083396229137,51306.02791872921,-9813.524365026964
25.495495495495494,-227.5981300078619,51800.9087830756,28701.061328943735
25.54054054054054,-228.69111445954437,52299.625832748425,-6670.052126594638
25.585585585585584,-229.78676508854994,52801.957409860435,-7145.267569876298
25.63063063063063,-230.8856004101431,53308.16047675227,15105.309313051099
25.675675675675674,-231.98726064495577,53818.08910155064,371.8180971773582
25.72072072072072,-233.0920015449835,54331.881184246595,-911.2478685112728
25.765765765765764,-234.1994854339582,54849.39897753079,12456.825564036983
25.81081081081081,-235.31003554116924,55370.81282638633,-7022.212217809672
25.855855855855854,-236.4236530437787,55896.14371856505,-7959.683172932449
25.9009009009009,-237.54008959631275,56425.29416542429,13203.012367928743
25.945945945945944,-238.6594409023208,56958.32873180835,14646.957094559659
25.99099099099099,-239.78190899117104,57495.36387945023,5773.010224901043
26.036036036036034,-240.90723960075033,58036.29809205333,6724.463189416876
26.08108108108108,-242.03548831915117,58581.17760588996,-5560.937676744489
26.126126126126124,-243.16674559728003,59130.06616437231,-80.34474250724875
26.17117117117117,-244.3009928598965,59682.9751123312,3167.6770626380157
26.216216216216214,-245.4382494054043,60239.93427118944,16300.654383674064
26.26126126126126,-246.5784964938677,60800.95493317633,5574.453207591627
26.306306306306304,-247.7215076652452,61365.94535994214,6330.8295789115655
26.35135135135135,-248.86771248153804,61935.13831579348,-3213.5106991160565
26.396396396396394,-250.01679215784046,62508.39636089679,16823.972186997824
26.44144144144144,-251.16895327753798,63085.84309053406,14276.058766372886
26.486486486486484,-252.32383666768487,63667.31855070051,-6492.6371661021685
26.53153153153153,-253.4820394940918,64253.144346084315,13262.732154268317
26.576576576576574,-254.64306921652638,64843.09270001265,4630.113050102971
26.62162162162162,-255.8069891392427,65437.21569248463,10451.181950862527
26.666666666666664,-256.97407461204114,66035.67502271489,-9502.451952896294
26.71171171171171,-258.1440838551025,66638.3680293902,6523.135921167936
26.756756756756754,-259.31698838098106,67245.30046298186,11209.845828115482
26.8018018018018,-260.4929008663489,67856.55140176548,13373.449845002602
26.846846846846844,-261.6719414981028,68472.20496738653,-9294.550313071852
26.89189189189189,-262.85389886196583,69092.17214693656,12788.75735394555
26.936936936936934,-264.03867347213657,69716.42108892555,-5458.891705828821
26.98198198198198,-265.22673029264337,70345.21846172659,2534.5429184245572
27.027027027027025,-266.41762207595593,70978.34935260688,11193.985699117937
27.07207207207207,-267.61186180490984,71616.10857869015,9101.398631164178
27.117117117117115,-268.80856306570774,72258.04357745057,25491.52272653572
27.16216216216216,-270.00865522909,72904.67389862158,-4031.4119408740994
27.207207207207205,-271.21150933450014,73555.68279549765,-18692.667795638547
27.25225225225225,-272.4175290185823,74211.31011659012,22713.979294761917
27.297297297297295,-273.6265669253921,74871.4981273761,-15170.101380246233
27.34234234234234,-274.83860703988677,75536.2599196253,-391.58815420481966
27.387387387387385,-276.0536143817778,76205.59801324326,9587.946605137024
27.43243243243243,-277.2714260831325,76879.44372217401,15450.397213074217
27.477477477477475,-278.492658249854,77558.16069906998,-23826.74844236637
27.52252252252252,-279.71664653656626,78241.40234966234,9067.152408255979
27.567567567567565,-280.9437060639215,78929.36597693113,28837.90606962533
27.61261261261261,-282.17387515325316,79622.0958190037,2576.0732071352186
27.657657657657655,-283.407021625244,80319.53990649153,7796.604885437396
27.7027027027027,-284.6431752352448,81021.73720800229,33834.40537790453
27.747747747747745,-285.88225004821453,81728.66089262985,16582.145825537824
27.792792792792792,-287.1245943536852,82440.53268276829,2162.0787092574096
27.837837837837835,-288.36978145337855,83157.13085546931,30203.146273185463
27.882882882882882,-289.61812806592167,83878.6601044086,6953.933757785555
27.927927927927925,-290.8693796996909,84604.99604688297,-20860.367834495773
27.972972972972972,-292.1237262189882,85336.27142006639,8401.202557857949
28.018018018018015,-293.38112952011323,86072.48715849746,20366.949886633098
28.063063063063062,-294.6415968904266,86813.67061814066,12305.442930922314
28.10810810810811,-295.90490653819097,87559.71371337553,12394.589234184368
28.153153153153152,-297.1714393323232,88310.86435484464,7417.668055802824
28.1981981981982,-298.4410381132208,89067.05323009692,14714.941050250864
28.243243243243242,-299.713600136173,89828.2421065858,15982.787872997735
28.28828828828829,-300.989251208395,90594.52934299031,-1951.4121792769417
28.333333333333332,-302.2679438228574,91365.90986289806,7459.607040074424
28.37837837837838,-303.5496689653762,92142.40152898949,15992.961704860723
28.423423423423422,-304.83438497845026,92924.00226519002,-6448.798189706323
28.46846846846847,-306.1222914793526,93710.85734056972,15535.414994785286
28.513513513513512,-307.41322278103263,94502.8895406208,2813.265126284732
28.55855855855856,-308.7071333141055,95300.0941590129,11915.212063392588
28.603603603603602,-310.00412225679946,96102.55581620867,-3136.0831742067335
28.64864864864865,-311.30425585926434,96910.33971609033,-5999.423794306797
28.693693693693692,-312.6072744059494,97723.30801151655,11812.062961221418
28.73873873873874,-313.91348798815557,98541.67794088989,5058.742837042702
28.783783783783782,-315.22277597112577,99365.39849094255,6179.387154693769
28.82882882882883,-316.53516381523923,100194.50993154033,744.5161369395502
28.873873873873872,-317.85045051320816,101028.90889144939,1849.441835956067
28.91891891891892,-319.1689455166388,101868.81578220315,4822.5587457465035
28.963963963963963,-320.4904149513763,102714.10607570536,11570.012821908902
29.00900900900901,-321.8150237437385,103564.90950718297,2630.2216279066256
29.054054054054053,-323.14277485736125,104421.25294251526,10973.609148882168
29.0990990990991,-324.4735232080547,105283.06726304801,9523.929741136768
29.144144144144143,-325.80731992354436,106150.40971576278,14197.345722641121
29.18918918918919,-327.1442498636474,107023.36021884857,5785.818942170261
29.234234234234233,-328.4842328773417,107901.89124901565,13615.476075781731
29.27927927927928,-329.82726394712165,108786.02404284425,6646.124598386813
29.324324324324323,-331.1734239044613,109675.836700604,20127.0274352951
29.36936936936937,-332.52264613017843,110571.31018941586,22655.362052649787
29.414414414414413,-333.87505048069255,111472.549333485,11588.344059765826
29.45945945945946,-335.230319868928,112379.36735942379,-2868.0870078735325
29.504504504504503,-336.5888919801166,113292.08220440261,15812.19556554695
29.54954954954955,-337.9504730947711,114210.5222649796,6092.022205201959
29.594594594594593,-339.3151013469707,115134.738002105,-1292.622957111133
29.63963963963964,-340.6829323690831,116064.86040759727,28599.338196505534
29.684684684684683,-342.0538057270891,117000.80601238523,14575.57763286302
29.72972972972973,-343.4277503640666,117942.61972012364,-7230.595528224655
29.774774774774773,-344.80487922624036,118890.4047382222,20712.565261657222
29.81981981981982,-346.1850548712936,119844.09221624055,9746.709711551868
29.864864864864863,-347.5681678803539,120803.63132370586,36483.9348486739
29.90990990990991,-348.9546835647772,121769.3711817938,-31714.839650944836
29.954954954954953,-350.34411151067627,122740.99647020517,30880.92364797088
30.0,-351.7368196703785,123718.79031183237,68874.02342977001
30.045045045045043,-353.132303493249,124702.42377044813,-27974.78966162403
30.09009009009009,-354.5313138844562,125692.45252463881,37755.6521825335
30.135135135135133,-355.9331488389927,126688.40644244052,49676.91141741228
30.18018018018018,-357.33797768166136,127690.43029361952,-12315.987852754854
30.225225225225223,-358.74622533511905,128698.85419219601,-35147.45273753729
30.27027027027027,-360.1572587246244,129713.25101203604,-94932.76943328862
30.315315315315313,-361.5717431989246,130734.12547990907,-20888.425384412367
30.36036036036036,-362.98970732425363,131761.5276233473,-147335.6252359499
30.405405405405403,-364.40859346682697,132793.62299247118,-178277.5047282945
30.45045045045045,-365.8356601330416,133835.73022497832,520028.8455191607
30.495495495495494,-367.2618200347266,134881.24445521992,-15327.432093838866
30.54054054054054,-368.69091277241466,135932.9891609563,152073.55797373128
30.585585585585584,-370.123515682578,136991.41686123156,-63118.26652097148
30.63063063063063,-371.559481150879,138056.44803311038,-14207.826824716321
30.675675675675674,-372.9994407073058,139128.58276796291,-44509.88960542426
30.72072072072072,-374.4416626563501,140206.5587328519,55717.61387731006
30.765765765765764,-375.8874213767096,141291.35354923204,-88578.97195245272
30.81081081081081,-377.336341011682,142382.71424808438,16699.07432946515
30.855855855855854,-378.7877611493055,143480.1679965033,-11219.86714537287
30.9009009009009,-380.24291124791426,144584.6715542892,58737.807956444245
30.945945945945944,-381.70106024311616,145695.699390719,-12397.065746750906
30.99099099099099,-383.16259877530985,146813.57710024907,37563.63737111042
31.036036036036034,-384.62683390743024,147937.80136165392,66090.11400279525
31.08108108108108,-386.0944508417341,149068.92497078024,792.8246749151431
31.126126126126124,-387.5651881355219,150206.7750545225,-1291.4585586647345
31.17117117117117,-389.039011866664,151351.35275419033,1842.1413310205187
31.216216216216214,-390.51611490008605,152502.8359966572,42513.21269334193
31.26126126126126,-391.996263751937,153661.07079547818,-5586.706697021586
31.306306306306304,-393.47960986254003,154826.20337757672,33974.50190426437
31.35135135135135,-394.9660281439547,155998.16338781122,13184.146826689728
31.396396396396394,-396.45568616906627,157177.11109578516,-16020.062863671088
31.44144144144144,-397.94838438546856,158362.91663500463,9254.593974008025
31.486486486486484,-399.44432199103574,159555.76637087823,23736.79092832646
31.53153153153153,-400.9433913899463,160755.60309927168,26101.41344640655
31.576576576576574,-402.44563629308044,161962.4901713424,-1644.8002942657288
31.62162162162162,-403.951270196622,163176.6286934643,33163.14541607917
31.666666666666664,-405.45964637892945,164397.52484172652,6115.853387370682
31.71171171171171,-406.9713278365717,165625.6616810623,17594.11388575355
31.756756756756754,-408.48640227447993,166861.14084314823,9686.876059170534
31.8018018018018,-410.00439577205816,168103.6045524105,-15323.57051816292
31.846846846846844,-411.525643517409,169353.35527241757,16572.5786601165
31.89189189189189,-413.04996098776206,170610.27027199176,8512.964594290308
31.936936936936934,-414.5775235669636,171874.52304691623,12377.151334156431
31.98198198198198,-416.1082467190962,173146.07298764025,-19148.251266579835
32.027027027027025,-417.64218372755346,174424.99362871953,23971.54388362576
32.072072072072075,-419.1792692686656,175711.25978461248,4973.518379718852
32.11711711711712,-420.7193635467484,177004.78286318106,29090.33627474339
32.16216216216216,-422.2629489218924,178305.99803221272,52004.340588684914
32.207207207207205,-423.80965519139136,179614.62383344604,43183.66001088776
32.25225225225225,-425.3595294982459,180930.7293349691,-11192.726656105371
32.29729729729729,-426.91229089653393,182254.1041185268,22410.100403736084
32.34234234234234,-428.4686061260003,183585.34643555756,11974.618576484685
32.387387387387385,-430.02777955492775,184923.89118894155,38337.146731614564
32.432432432432435,-431.590310604706,186270.19620786663,28497.07255125893
32.47747747747748,-433.15618899944724,187624.28406852487,-27123.455514604728
32.52252252252252,-434.72503735704146,188985.8581050811,-17093.620884026233
32.567567567567565,-436.29694805371435,190355.0268809855,85543.32674478716
32.61261261261261,-437.8723037914005,191732.15442758854,-17971.96100729932
32.65765765765765,-439.4508668997377,193117.064418931,17680.630398385572
32.7027027027027,-441.0324593906234,194509.63023614188,76698.35967167882
32.747747747747745,-442.61742815002447,195910.18770214208,15917.225012849638
32.792792792792795,-444.20586421075524,197318.8497992239,67719.57129954228
32.83783783783784,-445.79703951477046,198735.00044013382,17441.006595630395
32.88288288288288,-447.3903290222202,200158.10650261046,-45561.76310334429
32.927927927927925,-448.9891996531296,201591.3014051579,521641.13727584545
32.97297297297297,-450.591024526358,203032.27138371297,-178045.55770102443
33.01801801801801,-452.1935018884699,204478.96315015762,-97076.88121847657
33.06306306306306,-453.80111650982064,205935.4533455598,191453.9463498392
33.108108108108105,-455.4117667193019,207399.87726639587,95661.82772349968
33.153153153153156,-457.02535348089316,208872.17372433533,-72448.7319678973
33.1981981981982,-458.6421376434241,210352.6104221296,88433.75323744297
33.24324324324324,-460.262223396102,211841.31428552332,2862.569984270091
33.288288288288285,-461.88554996424057,213338.26126576896,-39744.06863213862
33.33333333333333,-463.5120744013299,214843.44311582402,30043.99826502487
33.37837837837837,-465.14183986745894,216356.93119528482,105018.61947918191
33.42342342342342,-466.7748279660269,217878.74002271402,57903.8907112607
33.468468468468465,-468.41090194684864,219408.77306266024,-18927.079315053717
33.513513513513516,-470.05044729523365,220947.42300244924,-13190.31899194625
33.55855855855856,-471.6929721751053,222494.25999938467,-25074.421930303874
33.6036036036036,-473.3386877594029,224049.5133297935,23719.505510834442
33.648648648648646,-474.9879017690974,225613.50682700973,32814.856662249615
33.69369369369369,-476.64019418351916,227185.87471130284,37515.60668779446
33.73873873873873,-478.295696516756,228766.77330644874,45294.99411888263
33.78378378378378,-479.95451000843565,230356.33167743756,28841.41084323272
33.828828828828826,-481.6163304001067,231954.28970806472,6064.575944734079
33.873873873873876,-483.2815890437472,233561.09430864936,-4679.724757635772
33.91891891891892,-484.9500129829703,235176.51509218305,21609.83652789499
33.96396396396396,-486.6216272996843,236800.60815579284,21734.422610364694
34.009009009009006,-488.2965600634223,238433.5305697714,40670.16497092117
34.05405405405405,-489.97477975589356,240075.2847968364,-37944.925182855724
34.0990990990991,-491.6562286908478,241725.84721050723,22111.39153780052
34.14414414414414,-493.3406932393567,243385.03960588906,9467.260871420625
34.18918918918919,-495.0286063764386,245053.32113099896,1486.7602336214368
34.234234234234236,-496.7196444671927,246730.40519961435,46729.88889606397
34.27927927927928,-498.41396966488037,248416.4851571043,24247.059966437053
34.32432432432432,-500.11153654209875,250111.54898249896,14573.429091477625
34.369369369369366,-501.81226967316127,251815.55399452953,14653.488212811943
34.41441441441441,-503.51641826712176,253528.78346455112,31285.650080887914
34.45945945945946,-505.22370350716017,255250.9905854909,39791.675292337226
34.5045045045045,-506.934276523523,256982.3607144277,7357.411192375964
34.54954954954955,-508.64798190367895,258722.76949468532,-1032.520528916366
34.5945945945946,-510.364968201135,260472.40076694556,45574.03838059109
34.63963963963964,-512.0853821843049,262231.4386468456,45838.668251416115
34.68468468468468,-513.8089113454223,263999.597377968,1497.6768546978265
34.729729729729726,-515.5358726316194,265777.2359700453,36879.02299930579
34.77477477477477,-517.2659116346014,267564.0233391752,-1973.3242967008423
34.81981981981982,-518.9992322286903,269360.20305397,28570.450495004487
34.86486486486486,-520.7357704918898,271165.7426697821,24339.676640599486
34.90990990990991,-522.4756343409068,272980.788479933,20499.271388535853
34.95495495495496,-524.2187801904596,274805.32950437337,11278.92279653047
35.0,-525.9650483896428,276639.23212751927,1501.4646053723036
35.04504504504504,-527.7147957713709,278482.90567601967,10496.206569108183
35.09009009009009,-529.4675814150241,280335.91976947524,52168.069283886114
35.13513513513513,-531.2238147239846,282198.74132990226,44731.23961708249
35.18018018018018,-532.9832987080091,284071.1967016709,42010.685403419724
35.22522522522522,-534.7459712343498,285953.253751368,21530.431271170935
35.270270270270274,-536.5120258935854,287845.1539284392,57307.782996904476
35.31531531531532,-538.2812186276117,289746.6703272267,23862.369116751164
35.36036036036036,-540.0537301669019,291658.0314671849,-1074.4858561196534
35.4054054054054,-541.8295449814213,293579.2558147741,46216.48514682823
35.45045045045045,-543.6086298752531,295510.3424748499,-15533.730336921722
35.49549549549549,-545.3910342480027,297451.38023810607,53861.671697237114
35.54054054054054,-547.1765561153641,299402.18356227013,65766.1797182818
35.585585585585584,-548.9654182579206,301363.03044309374,-14416.911531286565
35.630630630630634,-550.7576320347118,303333.96924448304,43953.75492702294
35.67567567567568,-552.5532770194668,305315.1239449516,-26070.75352863539
35.72072072072072,-554.3518492243275,307305.9727384315,43709.94698817446
35.765765765765764,-556.1540072149807,309307.27974128077,9397.85387548823
35.81081081081081,-557.9593492730465,311318.63544120156,-983.7255939419452
35.85585585585585,-559.7677274233645,313339.9086647181,1498.0715425462017
35.9009009009009,-561.5795457931615,315371.58625325357,89891.72757622488
35.945945945945944,-563.3951157425261,317414.0564425343,40896.60719590005
35.990990990990994,-565.2135239340998,319466.3276380033,-30002.363758439387
36.03603603603604,-567.0352985862334,321529.0298427788,77114.51066799572
36.08108108108108,-568.8603643703908,323602.1141516138,60074.99739282939
36.126126126126124,-570.6889041911498,325685.8253668954,40770.20706729013
36.17117117117117,-572.5201204727787,327779.288346165,56586.324654879456
36.21621621621621,-574.3553773839604,329884.0995298716,96626.91928939008
36.26126126126126,-576.1934104465452,331998.84624202084,-125732.41899257131
36.306306306306304,-578.0351267388805,334124.6077440337,-38693.63242105172
36.351351351351354,-579.8800669881326,336260.89209016116,31261.48337964969
36.3963963963964,-581.728182810674,338407.6786762089,109498.21646743997
36.44144144144144,-583.5796354337517,340565.19089299056,85372.25884478912
36.486486486486484,-585.4345359476719,342733.5958802659,28521.1892160077
36.53153153153153,-587.2926705662396,344912.68090082565,-81185.7328957951
36.57657657657657,-589.1536785585388,347102.05695905804,9134.894844818362
36.62162162162162,-591.0183272479177,349302.6631429267,49876.57082884988
36.666666666666664,-592.8869885164623,351514.98115211976,74483.70630942841
36.711711711711715,-594.758178719772,353737.2911540602,65992.83923341172
36.75675675675676,-596.6327320580239,355970.6169630217,135710.5839282097
36.8018018018018,-598.5105812365515,358214.91585211473,82464.01836152912
36.846846846846844,-600.391628142695,360470.10714383615,-116183.18348021783
36.89189189189189,-602.276174117563,362736.58990968904,-59964.98760357523
36.93693693693693,-604.1639327045011,365014.05758096895,134156.48536304448
36.98198198198198,-606.0554497600206,367303.2081838208,88882.19648879775
37.027027027027025,-607.9499978814781,369603.19992408925,154142.73285300162
37.07207207207207,-609.8482691939009,371914.91143879667,6106.610122227069
37.11711711711712,-611.7492035983428,374237.08810320665,90341.96653583358
37.16216216216216,-613.6534402376891,376570.5447155511,-52652.04775291308
37.207207207207205,-615.561509209948,378915.9716208289,6176.406853285745
37.25225225225225,-617.4728287421926,381272.69423488516,-160283.74214638965
37.2972972972973,-619.387313330558,383640.64391484676,-134874.35250402335
37.34234234234234,-621.304559268732,386019.35536811326,136099.4268967945
37.387387387387385,-623.2253539059268,388409.8417511677,117495.22856282475
37.43243243243243,-625.1504533149706,390813.0892799132,-455645.41171059036
37.47747747747748,-627.0772369848086,393225.8611445018,-252813.10683337486
37.52252252252252,-629.0064354868839,395649.09588391543,485658.7765370312
37.567567567567565,-630.9480389303346,398095.42783003504,6368142.363325548
37.61261261261261,-632.881639332678,400539.1694044179,-2118352.676978725
37.65765765765766,-634.822166941848,402999.1836407435,-488325.38874256675
37.7027027027027,-636.7661993297633,405471.1926088718,149637.2917442782
37.747747747747745,-638.715651858,407957.68392838986,218645.90123775162
37.79279279279279,-640.6665830512254,410453.6706385327,232525.02485469982
37.83783783783784,-642.6213240624579,412962.16613978654,-29244.62733769956
37.88288288288288,-644.5785558006222,415481.51459801587,63015.219263289204
37.927927927927925,-646.5399331387729,418013.88514308893,222104.95470228198
37.97297297297297,-648.5038649195209,420557.2628155562,-19376.77939905614
38.01801801801802,-650.4719582043627,423113.76841021824,-19493.447603293167
38.06306306306306,-652.443205451086,425682.136339288,31549.87388994813
38.108108108108105,-654.4178309917654,428262.69751996687,225585.99593284572
38.15315315315315,-656.3958996713249,430855.577105328,-18520.746022790958
38.1981981981982,-658.3771003040825,433460.406204812,-30630.873945976342
38.24324324324324,-660.3618940953215,436077.83117316064,42910.43437710511
38.288288288288285,-662.3498514327716,438707.32569301466,-47155.7435174311
38.33333333333333,-664.3412197520563,441349.25626164995,29800.74644152372
38.37837837837838,-666.3358195649068,444003.4244352361,96687.82448349107
38.42342342342342,-668.3341335163241,446670.5140230157,50636.36747491697
38.468468468468465,-670.3353570217924,449349.49087353394,-8989.211241700556
38.51351351351351,-672.3401023970354,452041.213291256,12402.434867723363
38.55855855855856,-674.348147942264,454745.4246331615,-17458.463445322865
38.6036036036036,-676.3599233944407,457462.74597413366,80351.67954177725
38.648648648648646,-678.3746187290045,460192.12333572225,54751.34934237709
38.69369369369369,-680.3929622101175,462934.5830250584,-30499.681310319935
38.73873873873874,-682.4144664006108,465689.50395283033,-33871.88753438307
38.78378378378378,-684.4393302574357,468457.19680324715,16299.267138755275
38.828828828828826,-686.4677169272088,471237.92638325447,117632.89614343907
38.87387387387387,-688.499526818919,474031.59842987533,55432.208133652704
38.91891891891892,-690.5346520449897,476838.105674895,54079.187475943225
38.96396396396396,-692.5729679057241,479657.31587374315,50338.79776300257
39.009009009009006,-694.6148434920598,482489.7807994987,-42486.9397385806
39.05405405405405,-696.6600337696065,485335.2026518692,73331.91621331878
39.0990990990991,-698.7085555578717,488193.64560976747,16263.331402882239
39.14414414414414,-700.7605619186362,491065.3651405228,1248.0631112599322
39.189189189189186,-702.8158244756116,493950.08313333377,58912.13054336241
39.23423423423423,-704.87459606302,496848.19617500564,68994.99525065976
39.27927927927928,-706.9367009298213,499759.49912153964,67828.8952485028
39.32432432432432,-709.0021687926984,502684.07535275,7307.289967513235
39.369369369369366,-711.0710005967667,505621.967889687,34098.32170439513
39.41441441441441,-713.1431272216576,508573.11990348523,58093.35478516543
39.45945945945946,-715.2188419286384,511537.99184974266,2745.169079978832
39.5045045045045,-717.2977974195421,514516.1301829265,43137.047297514364
39.549549549549546,-719.3801989125755,517507.8705874966,69894.09546508387
39.5945945945946,-721.4660620372637,520513.2786715568,54546.16804322125
39.63963963963964,-723.555212841038,523532.1460294399,24836.778603742634
39.68468468468468,-725.6476287681575,526564.4811368496,72530.222281259
39.729729729729726,-727.7435367765617,529610.6553200587,13907.455805872392
39.77477477477478,-729.8429112025989,532670.6750326847,-45322.67884984028
39.81981981981982,-731.9457789491901,535744.6233215366,14023.342753835987
39.86486486486486,-734.0517260579923,538831.9365287177,17319.362359998107
39.909909909909906,-736.1613560445602,541933.5421333658,61330.13056891877
39.95495495495496,-738.274316379282,545048.9662252963,-31598.728403985824
40.0,-740.3906554515061,548178.3226799108,76728.83980075302
40.04504504504504,-742.5101639299473,551321.3435392773,9358.45456485045
40.09009009009009,-744.633375565138,554478.8640055318,-5555.842943462488
40.13513513513514,-746.7599749596493,557650.4602017361,-5598.6144784476055
40.18018018018018,-748.889796214845,560835.926874712,4425.678403731027
40.22522522522522,-751.0233141555237,564036.0184051465,65145.54693490438
40.27027027027027,-753.1599365997536,567249.8900989448,18001.980433960027
40.31531531531532,-755.3000314356151,570478.1374866412,1042.4526019773277
40.36036036036036,-757.4438070817207,573721.120886451,59251.38602528478
40.4054054054054,-759.5907487894303,576978.1056464874,73305.23313528673
40.45045045045045,-761.7408549250712,580249.1300619784,-68174.5849818505
40.4954954954955,-763.8945334873599,583534.8582918713,56635.26097827722
40.54054054054054,-766.0520683827878,586835.7714735473,35939.60915648988
40.585585585585584,-768.2125847731486,590150.575403842,130934.65131176086
40.63063063063063,-770.3763913472206,593479.7843451661,78631.79494017745
40.67567567567568,-772.5442495793905,596824.6175581835,245753.3575413925
40.72072072072072,-774.7151972023678,600183.6367763036,-138101.55634711578
40.765765765765764,-776.8889460509234,603556.4344961146,126363.88337043901
40.81081081081081,-779.0670082917984,606945.4034087331,-99907.30526625838
40.85585585585586,-781.2492601363195,610350.4064635467,-371886.2596301992
40.9009009009009,-783.4308591807178,613763.9111166376,-1315905.0190943426
40.945945945945944,-785.6191680882819,617197.4772677241,-328122.9211862025
40.99099099099099,-787.8129028057748,620649.1698272611,-300386.2516474327
41.03603603603604,-790.0057200035038,624109.0376382545,218731.10607611178
41.08108108108108,-792.2052356017127,627589.1353147652,-218072.3017163132
41.126126126126124,-794.4069081654036,631082.335740916,-125941.06506822353
41.17117117117117,-796.6118584537713,634590.4530291714,431848.0228661186
41.21621621621622,-798.8205004009146,638114.1918607677,30964.203609496984
41.26126126126126,-801.0316921912004,641651.7718946979,46242.57027078108
41.306306306306304,-803.247170781673,645206.0173687622,-67662.00885101566
41.35135135135135,-805.4659071532894,648775.3275862715,258832.79235562394
41.3963963963964,-807.6882949370097,652360.3817782539,-6898.8718163641415
41.44144144144144,-809.9139637500682,655960.6286773467,-57137.38666756987
41.486486486486484,-812.1433186366357,659576.770006128,154007.18713237354
41.53153153153153,-814.3757436417276,663207.8518320168,26089.355297956023
41.57657657657658,-816.611605804594,666854.5147347576,51668.32280690369
41.62162162162162,-818.8513907542076,670517.6001401,217270.56022816137
41.666666666666664,-821.0938921452167,674195.1797181808,4665.277196442684
41.71171171171171,-823.3401918177824,677889.0714625427,-7256.384208994479
41.75675675675676,-825.5900065585257,681598.8589293065,-27285.931766631104
41.8018018018018,-827.8433368355129,685324.5903429565,68924.46493288406
41.846846846846844,-830.0999303677727,689065.8943965811,38984.72152391315
41.89189189189189,-832.3600904099062,692823.3201071873,137476.27759351218
41.93693693693694,-834.6235931961043,696596.5423195761,12850.517258914855
41.98198198198198,-836.8905945915816,700385.8673158509,-27020.065444774937
42.027027027027025,-839.1607909731249,704190.8331066406,30425.91275715026
42.07207207207207,-841.4345712791438,708012.1377437166,114267.87235728098
42.11711711711712,-843.7120213013955,711849.9748884863,-3582.235928789976
42.16216216216216,-845.9924504542055,715703.2262255113,66299.295252177
42.207207207207205,-848.2767271685182,719573.4058557326,235424.30507207848
42.25225225225225,-850.5647431051442,723460.38221352,192556.0883146582
42.2972972972973,-852.8557602027523,727362.9477110145,54244.33942032922
42.34234234234234,-855.1505986462387,731282.5463650203,1096.468121210738
42.387387387387385,-857.4486000118911,735218.1016623521,28343.313833452026
42.43243243243243,-859.749915145872,739169.9165933342,-39275.34951500082
42.47747747747748,-862.0548548734647,743138.5728109103,-219455.44382277442
42.52252252252252,-864.3632899168528,747123.8969558852,83942.0995634347
42.567567567567565,-866.6754468119682,751126.3301067248,46187.95263958254
42.61261261261261,-868.9906600434841,755144.7672428102,63910.18010935594
42.65765765765766,-871.3096189571405,759180.4520872374,-18313.861716524283
42.7027027027027,-873.6320532942588,763232.9645431426,140761.77892068602
42.747747747747745,-875.9571566713051,767300.9403236774,235826.31407070605
42.79279279279279,-878.2865327035347,771387.2335283972,290502.2741722053
42.83783783783784,-880.6196236730929,775490.9215981397,292990.5997928775
42.88288288288288,-882.9559054097523,779611.1308979554,-337694.8511955127
42.927927927927925,-885.2949209270985,783747.0970193176,-244228.98093708526
42.97297297297297,-887.6374395385161,787900.2240704928,277800.2914445472
43.01801801801802,-889.9847737787128,792072.8975579466,242530.78713703522
43.06306306306306,-892.3350431241404,796261.8291873615,-229407.63836311374
43.108108108108105,-894.6872280800849,800465.2360896259,616277.0394603076
43.15315315315315,-897.0456656758605,804690.9263078477,234345.72621632836
43.1981981981982,-899.4064835879709,808932.0227200789,-235064.74549791563
43.24324324324324,-901.7685694020892,813186.5527614905,507988.95136155304
43.288288288288285,-904.1376356456792,817464.864190959,-2513319.2538415156
43.33333333333333,-906.5024048688424,821746.6100329946,17859050.87223204
43.37837837837838,-908.8810714724318,826064.8020808757,655174.8283524999
43.42342342342342,-911.258408003292,830391.8861566941,-934657.7998395608
43.468468468468465,-913.6401113344748,834738.2530392715,-9508.597163120587
43.51351351351351,-916.0269016930941,839105.2846254496,-57712.621417191134
43.55855855855856,-918.4143548909366,843484.9272697353,-333685.76255106326
43.6036036036036,-920.8073082945534,847886.0990086608,-296393.40087579895
43.648648648648646,-923.2020728039157,852302.0672294465,43934.73880548415
43.69369369369369,-925.6005456226728,856736.3700569896,-210923.48975443235
43.73873873873874,-928.0029723726886,861189.5167325451,19668.537205602704
43.78378378378378,-930.4084088267161,865659.8072154617,93998.16286374684
43.828828828828826,-932.8182382654144,870149.8656405914,-154261.963319753
43.87387387387387,-935.230970293116,874656.9677954032,99831.50369028324
43.91891891891892,-937.6469546037174,879181.8114776257,301070.07173676725
43.96396396396396,-940.0661897089461,883724.4410338963,20029.606466617006
44.009009009009006,-942.4897922525313,888287.0085002196,243029.35848264061
44.05405405405405,-944.9167764465802,892867.7144101965,65984.9707655933
44.0990990990991,-947.3468932802717,897466.1362077825,296377.4994187161
44.14414414414414,-949.780584024197,902083.1577893447,-5364.196354686067
44.189189189189186,-952.2179033356537,906718.9354329483,206184.25686226255
44.23423423423423,-954.6585695964593,911372.9845039577,-114331.35541737358
44.27927927927928,-957.102647164103,916045.4772085334,-88835.85552091255
44.32432432432432,-959.550309979303,920736.7973813766,62475.09587533811
44.369369369369366,-962.0018973170161,925447.6504415388,125818.8248217439
44.41441441441441,-964.4566014127239,930176.5360085818,20763.96147660155
44.45945945945946,-966.9145076740565,934923.665150563,-207266.90190344953
44.5045045045045,-969.3763069245853,939690.4244267477,58216.18092737259
44.549549549549546,-971.8414947266826,944475.8908725927,85228.62165594111
44.59459459459459,-974.3101752253574,949280.3175476666,177021.05229230886
44.63963963963964,-976.782497652581,954104.0477204145,-89612.68332402903
44.68468468468468,-979.2582466670882,958946.7136654998,238294.869535162
44.729729729729726,-981.7378549026964,963809.2157489478,-41407.805653475094
44.77477477477477,-984.2206678581923,968690.3230392261,300668.7655398074
44.81981981981982,-986.7066279064537,973589.9695545249,296512.09093312145
44.86486486486486,-989.1970848349972,978510.8726460567,-119409.75358179623
44.909909909909906,-991.6899173159342,983448.8921060844,-250433.07837374866
44.95495495495495,-994.1864534704584,988406.704264168,85798.08507853276
45.0,-996.686818077741,993384.613329932,-9067.423280304889
45.04504504504504,-999.1911819578902,998383.0181024056,128736.32436160819
45.09009009009009,-1001.698419383793,1003399.7233959892,219737.53683496884
45.13513513513513,-1004.2097308343243,1008437.183502346,220706.77769068567
45.18018018018018,-1006.7236295678903,1013492.4663303468,147531.00524400486
45.22522522522522,-1009.2425425333457,1018570.5096591722,192575.74834256715
45.27027027027027,-1011.7635492189513,1023665.4795281293,-91459.79563951696
45.31531531531531,-1014.2887840895625,1028781.737529883,-327468.0857881053
45.36036036036036,-1016.81676937153,1033916.3424751551,-267261.08034942177
45.4054054054054,-1019.349466019349,1039073.333873932,-20581.139797363532
45.45045045045045,-1021.8851538478883,1044249.2676547223,108203.71474849244
45.4954954954955,-1024.4239689631397,1049444.4681861917,136987.93100620405
45.54054054054054,-1026.9667655871476,1054660.7376205274,171568.87150820915
45.585585585585584,-1029.5126723646772,1059896.3425594592,62877.15730367356
45.63063063063063,-1032.0627938136947,1065153.610374529,100552.2070588551
45.67567567567568,-1034.6157793973794,1070429.8109780469,151338.95680401914
45.72072072072072,-1037.172892378923,1075727.608685661,-26659.848235547055
45.765765765765764,-1039.7331454432565,1081045.0137333279,-255733.30313919362
45.81081081081081,-1042.2969374347708,1086382.9057859026,-45916.26943273968
45.85585585585586,-1044.8637489341331,1091740.2538366911,122318.78013987854
45.9009009009009,-1047.435521280684,1097121.1712405384,236153.66210589945
45.945945945945944,-1050.0100202207996,1102521.0425640838,121819.78340358935
45.99099099099099,-1052.5880892820066,1107941.6856983455,261374.00603027694
46.03603603603604,-1055.1696551080638,1113383.0010608702,63887.068220927016
46.08108108108108,-1057.7549443452851,1118845.5222868973,218441.76274339837
46.126126126126124,-1060.3431726448105,1124327.6437744624,26834.282945603238
46.17117117117117,-1062.9355908351429,1129832.0702640542,-76844.02040850729
46.21621621621622,-1065.5310911230279,1135356.5061498303,-74047.47550026364
46.26126126126126,-1068.1306687091264,1140903.1254370057,236492.33121787474
46.306306306306304,-1070.7337017854884,1146470.6601392552,-14208.493751285498
46.35135135135135,-1073.3399035779346,1152058.5486126898,-129503.5183695857
46.3963963963964,-1075.9499350621325,1157668.262760207,-316522.1079682024
46.44144144144144,-1078.5633967881033,1163299.0008910915,101750.65842728374
46.486486486486484,-1081.1800421365933,1168950.2835144857,154050.0886316653
46.53153153153153,-1083.8010768950774,1174624.7742789295,73283.45924491603
46.57657657657658,-1086.4252655589512,1180319.8576448376,155348.8793567748
46.62162162162162,-1089.052841082612,1186036.090670109,11458.457490823801
46.666666666666664,-1091.6841349425015,1191774.2504851578,202846.9744692845
46.71171171171171,-1094.3190935776918,1197534.278568701,-21628.43464827455
46.75675675675676,-1096.9573656752113,1203315.4621090994,44815.066620051475
46.8018018018018,-1099.5993875525728,1209118.8131059932,-55292.3397943245
46.846846846846844,-1102.2445146370953,1214942.9700475659,98867.56348044754
46.89189189189189,-1104.893867263125,1220790.4579156642,38581.884134315005
46.93693693693694,-1107.5462018597354,1226658.589253926,282529.4432762668
46.98198198198198,-1110.2025810956006,1232549.7710713337,-69960.89605435358
47.027027027027025,-1112.8624062010463,1238462.7351355825,-29302.228986098824
47.07207207207207,-1115.5259101977247,1244398.0563224622,128337.64599349348
47.11711711711712,-1118.192366649415,1250354.1688330194,418248.4836580093
47.16216216216216,-1120.8630684888853,1256334.0183023196,-2080.7825497852537
47.207207207207205,-1123.53715366204,1262335.7356589986,-9064.974740850577
47.25225225225225,-1126.2144475891928,1268358.9819586307,102540.21186031433
47.2972972972973,-1128.895519441234,1274405.0938144936,46879.78529068255
47.34234234234234,-1131.5798727477102,1280473.0084077239,237118.31434864414
47.387387387387385,-1134.2689767761142,1286566.111676733,259316.9058123392
47.43243243243243,-1136.9606526709479,1292679.5257219477,146803.60576906224
47.47747747747748,-1139.6557455888696,1298815.2184537223,-159191.84681944715
47.52252252252252,-1142.3550444485616,1304975.047577075,-16685.877303953643
47.567567567567565,-1145.0582890830983,1311158.4853979123,-23974.68960618443
47.61261261261261,-1147.7635058818496,1317361.0654341946,26449.37492475064
47.65765765765766,-1150.472841690742,1323587.7594679708,70050.79516634972
47.7027027027027,-1153.1860343319047,1329838.0297781448,288824.8461961479
47.747747747747745,-1155.903743488781,1336113.4642113775,-485298.79241814086
47.79279279279279,-1158.6244022044564,1342410.5053836338,967010.6261930112
47.83783783783784,-1161.3469906199377,1348726.8326219858,-17378.350819402844
47.88288288288288,-1164.0771249248162,1355075.552773226,-298977.677985727
47.927927927927925,-1166.8077887605725,1361440.415912337,-2041045.4603830283
47.97297297297297,-1169.5403701527266,1367824.6774169768,1297153.7774354203
48.01801801801802,-1172.312502674975,1374316.603928063,3703423.0607287283
48.06306306306306,-1175.0201026107284,1380672.2415393267,-2500298.073240324
48.108108108108105,-1177.7650454448608,1387130.502271735,420817.74895708065
48.15315315315315,-1180.5163273340045,1393618.7991021664,764451.9364096123
48.1981981981982,-1183.269656605536,1400127.0802433833,-281413.6302556088
48.24324324324324,-1186.0265587974206,1406658.9981728515,-1159874.0128767495
48.288288288288285,-1188.7847168567391,1413209.1030321575,-510803.98356780555
48.33333333333333,-1191.548886692194,1419788.749377407,360064.50570701854
48.37837837837838,-1194.3159734875292,1426390.6445274644,-55468.257190252785
48.42342342342342,-1197.0866438031617,1433016.4327719177,672719.1124199514
48.468468468468465,-1199.861631121141,1439667.933836685,-157695.23866228448
48.51351351351351,-1202.6387037455602,1446339.8517468013,367980.94882359594
48.55855855855856,-1205.4200489573539,1453037.4944283494,4624.0460097771365
48.6036036036036,-1208.2051787818696,1459759.7540353294,631433.0488424524
48.648648648648646,-1210.9943184283477,1466507.2392657383,46368.67592731261
48.69369369369369,-1213.7861208629663,1473276.7471995675,142388.9800049841
48.73873873873874,-1216.5823357123081,1480072.5795672152,-168245.75975257158
48.78378378378378,-1219.38174610632,1486891.8427372978,-65397.190752881994
48.828828828828826,-1222.1846258733724,1493735.2597212354,-34356.650978214646
48.87387387387387,-1224.9913443103712,1500603.7936353304,90847.6667623433
48.91891891891892,-1227.8013821534892,1507496.2340180182,144203.38187224002
48.96396396396396,-1230.6154115809722,1514414.2912206058,313667.0907011306
49.009009009009006,-1233.433233070666,1521357.5404431557,413607.86294523964
49.05405405405405,-1236.2541780979623,1528324.3928646683,4514.77064300393
49.0990990990991,-1239.0787491742662,1535316.1466552643,-393454.27004737273
49.14414414414414,-1241.9064972788308,1542331.7479833746,25305.323643355106
49.189189189189186,-1244.7388538375321,1549374.814252773,-513792.3673538809
49.23423423423423,-1247.5740448017375,1556440.9972629678,717930.8235663489
49.27927927927928,-1250.4124770629196,1563531.3627946265,173021.95306952996
49.32432432432432,-1253.2558232482281,1570650.1585055941,364114.82861326257
49.369369369369366,-1256.102304555671,1577792.9995100677,280603.7738844817
49.41441441441441,-1258.9521013472397,1584960.3934866304,524894.6015185554
49.45945945945946,-1261.8058570080075,1592154.0207797121,240010.84032560536
49.5045045045045,-1264.6639407327802,1599374.8829897651,266769.3967857753
49.549549549549546,-1267.5240667612738,1606617.2598190382,25980.335793580743
49.59459459459459,-1270.3886909744162,1613887.4261556908,1786618.9614761868
49.63963963963964,-1273.2576745603544,1621185.1058268414,43547.86018504274
49.68468468468468,-1276.1265816818548,1628499.0524750156,-1884263.850402158
49.729729729729726,-1279.0091821519954,1635864.4880291163,-2357275.576821238
49.77477477477477,-1287.8654881624457,1658597.5155998946,-94870055.23963702
49.81981981981982,-1284.7696021294544,1650632.9305558766,-1385258.0747844952
49.86486486486486,-1287.6492281983165,1658040.53487972,-671088.7578398245
49.909909909909906,-1290.5427800520156,1665500.6671443852,-343703.91166036087
49.95495495495495,-1293.4349647023284,1672974.0079145136,-94279.90410636344
50.0,-2497.163989478857,6235827.9903499605,528019.9688955613
