z,H_z_kms_Mpc
0.001,67.861
0.002,67.892
0.003,67.924
0.004,67.956
0.005,67.988
0.006,68.02
0.007,68.052
0.008,68.084
0.009000000000000001,68.116
0.010000000000000002,68.148
0.011,68.18
0.012,68.213
0.013000000000000001,68.245
0.014000000000000002,68.277
0.015,68.31
0.016,68.342
0.017,68.375
0.018000000000000002,68.407
0.019000000000000003,68.44
0.02,68.472
0.021,68.505
0.022000000000000002,68.538
0.023,68.571
0.024,68.603
0.025,68.636
0.026000000000000002,68.669
0.027000000000000003,68.702
0.028,68.735
0.029,68.768
0.030000000000000002,68.801
0.031,68.835
0.032,68.868
0.033,68.901
0.034,68.934
0.035,68.968
0.036000000000000004,69.001
0.037000000000000005,69.035
0.038,69.068
0.039,69.102
0.04,69.135
0.041,69.169
0.042,69.203
0.043000000000000003,69.237
0.044000000000000004,69.27
0.045,69.304
0.046,69.338
0.047,69.372
0.048,69.406
0.049,69.44
0.05,69.474
0.051000000000000004,69.508
0.052000000000000005,69.543
0.053000000000000005,69.577
0.054,69.611
0.055,69.646
0.056,69.68
0.057,69.714
0.058,69.749
0.059000000000000004,69.783
0.060000000000000005,69.818
0.061,69.853
0.062,69.887
0.063,69.922
0.064,69.957
0.065,69.992
0.066,70.027
0.067,70.062
0.068,70.097
0.069,70.132
0.07,70.167
0.07100000000000001,70.202
0.07200000000000001,70.237
0.07300000000000001,70.272
0.074,70.308
0.075,70.343
0.076,70.378
0.077,70.414
0.078,70.449
0.079,70.485
0.08,70.52
0.081,70.556
0.082,70.591
0.083,70.627
0.084,70.663
0.085,70.699
0.08600000000000001,70.735
0.08700000000000001,70.771
0.08800000000000001,70.807
0.089,70.843
0.09,70.879
0.091,70.915
0.092,70.951
0.093,70.987
0.094,71.023
0.095,71.06
0.096,71.096
0.097,71.132
0.098,71.169
0.099,71.205
0.1,71.242
0.101,71.278
0.10200000000000001,71.315
0.10300000000000001,71.352
0.10400000000000001,71.388
0.10500000000000001,71.425
0.106,71.462
0.107,71.499
0.108,71.536
0.109,71.573
0.11,71.61
0.111,71.647
0.112,71.684
0.113,71.721
0.114,71.758
0.115,71.796
0.116,71.833
0.117,71.87
0.11800000000000001,71.908
0.11900000000000001,71.945
0.12000000000000001,71.983
0.121,72.02
0.122,72.058
0.123,72.095
0.124,72.133
0.125,72.171
0.126,72.209
0.127,72.246
0.128,72.284
0.129,72.322
0.13,72.36
0.131,72.398
0.132,72.436
0.133,72.474
0.134,72.513
0.135,72.551
0.136,72.589
0.137,72.627
0.138,72.666
0.139,72.704
0.14,72.743
0.14100000000000001,72.781
0.14200000000000002,72.82
0.14300000000000002,72.858
0.14400000000000002,72.897
0.14500000000000002,72.936
0.146,72.974
0.147,73.013
0.148,73.052
0.149,73.091
0.15,73.13
0.151,73.169
0.152,73.208
0.153,73.247
0.154,73.286
0.155,73.325
0.156,73.364
0.157,73.404
0.158,73.443
0.159,73.482
0.16,73.522
0.161,73.561
0.162,73.601
0.163,73.64
0.164,73.68
0.165,73.719
0.166,73.759
0.167,73.799
0.168,73.839
0.169,73.879
0.17,73.918
0.171,73.958
0.17200000000000001,73.998
0.17300000000000001,74.038
0.17400000000000002,74.078
0.17500000000000002,74.118
0.17600000000000002,74.159
0.177,74.199
0.178,74.239
0.179,74.279
0.18,74.32
0.181,74.36
0.182,74.401
0.183,74.441
0.184,74.482
0.185,74.522
0.186,74.563
0.187,74.603
0.188,74.644
0.189,74.685
0.19,74.726
0.191,74.767
0.192,74.808
0.193,74.849
0.194,74.89
0.195,74.931
0.196,74.972
0.197,75.013
0.198,75.054
0.199,75.095
0.2,75.137
0.201,75.178
0.202,75.219
0.203,75.261
0.20400000000000001,75.302
0.20500000000000002,75.344
0.20600000000000002,75.385
0.20700000000000002,75.427
0.20800000000000002,75.468
0.20900000000000002,75.51
0.21,75.552
0.211,75.594
0.212,75.636
0.213,75.677
0.214,75.719
0.215,75.761
0.216,75.803
0.217,75.845
0.218,75.888
0.219,75.93
0.22,75.972
0.221,76.014
0.222,76.057
0.223,76.099
0.224,76.141
0.225,76.184
0.226,76.226
0.227,76.269
0.228,76.311
0.229,76.354
0.23,76.397
0.231,76.439
0.232,76.482
0.233,76.525
0.234,76.568
0.23500000000000001,76.611
0.23600000000000002,76.654
0.23700000000000002,76.697
0.23800000000000002,76.74
0.23900000000000002,76.783
0.24000000000000002,76.826
0.241,76.869
0.242,76.912
0.243,76.956
0.244,76.999
0.245,77.042
0.246,77.086
0.247,77.129
0.248,77.173
0.249,77.216
0.25,77.26
0.251,77.303
0.252,77.347
0.253,77.391
0.254,77.434
0.255,77.478
0.256,77.522
0.257,77.566
0.258,77.61
0.259,77.654
0.26,77.698
0.261,77.742
0.262,77.786
0.263,77.83
0.264,77.875
0.265,77.919
0.266,77.963
0.267,78.008
0.268,78.052
0.269,78.096
0.27,78.141
0.271,78.185
0.272,78.23
0.273,78.275
0.274,78.319
0.275,78.364
0.276,78.409
0.277,78.454
0.278,78.499
0.279,78.543
0.28,78.588
0.281,78.633
0.28200000000000003,78.678
0.28300000000000003,78.723
0.28400000000000003,78.769
0.28500000000000003,78.814
0.28600000000000003,78.859
0.28700000000000003,78.904
0.28800000000000003,78.95
0.28900000000000003,78.995
0.29,79.04
0.291,79.086
0.292,79.131
0.293,79.177
0.294,79.222
0.295,79.268
0.296,79.314
0.297,79.359
0.298,79.405
0.299,79.451
0.3,79.497
0.301,79.543
0.302,79.588
0.303,79.634
0.304,79.68
0.305,79.727
0.306,79.773
0.307,79.819
0.308,79.865
0.309,79.911
0.31,79.957
0.311,80.004
0.312,80.05
0.313,80.097
0.314,80.143
0.315,80.19
0.316,80.236
0.317,80.283
0.318,80.329
0.319,80.376
0.32,80.423
0.321,80.469
0.322,80.516
0.323,80.563
0.324,80.61
0.325,80.657
0.326,80.704
0.327,80.751
0.328,80.798
0.329,80.845
0.33,80.892
0.331,80.94
0.332,80.987
0.333,81.034
0.334,81.081
0.335,81.129
0.336,81.176
0.337,81.224
0.338,81.271
0.339,81.319
0.34,81.366
0.341,81.414
0.342,81.462
0.343,81.509
0.34400000000000003,81.557
0.34500000000000003,81.605
0.34600000000000003,81.653
0.34700000000000003,81.701
0.34800000000000003,81.749
0.34900000000000003,81.797
0.35000000000000003,81.845
0.35100000000000003,81.893
0.35200000000000004,81.941
0.353,81.989
0.354,82.037
0.355,82.086
0.356,82.134
0.357,82.182
0.358,82.231
0.359,82.279
0.36,82.327
0.361,82.376
0.362,82.424
0.363,82.473
0.364,82.522
0.365,82.57
0.366,82.619
0.367,82.668
0.368,82.717
0.369,82.766
0.37,82.814
0.371,82.863
0.372,82.912
0.373,82.961
0.374,83.01
0.375,83.06
0.376,83.109
0.377,83.158
0.378,83.207
0.379,83.256
0.38,83.306
0.381,83.355
0.382,83.404
0.383,83.454
0.384,83.503
0.385,83.553
0.386,83.603
0.387,83.652
0.388,83.702
0.389,83.751
0.39,83.801
0.391,83.851
0.392,83.901
0.393,83.951
0.394,84.001
0.395,84.051
0.396,84.101
0.397,84.151
0.398,84.201
0.399,84.251
0.4,84.301
0.401,84.351
0.402,84.401
0.403,84.452
0.404,84.502
0.405,84.552
0.406,84.603
0.40700000000000003,84.653
0.40800000000000003,84.704
0.40900000000000003,84.754
0.41000000000000003,84.805
0.41100000000000003,84.856
0.41200000000000003,84.906
0.41300000000000003,84.957
0.41400000000000003,85.008
0.41500000000000004,85.059
0.41600000000000004,85.109
0.41700000000000004,85.16
0.418,85.211
0.419,85.262
0.42,85.313
0.421,85.364
0.422,85.415
0.423,85.466
0.424,85.518
0.425,85.569
0.426,85.62
0.427,85.671
0.428,85.723
0.429,85.774
0.43,85.825
0.431,85.877
0.432,85.928
0.433,85.98
0.434,86.032
0.435,86.083
0.436,86.135
0.437,86.187
0.438,86.238
0.439,86.29
0.44,86.342
0.441,86.394
0.442,86.446
0.443,86.498
0.444,86.55
0.445,86.602
0.446,86.654
0.447,86.706
0.448,86.758
0.449,86.81
0.45,86.863
0.451,86.915
0.452,86.967
0.453,87.019
0.454,87.072
0.455,87.124
0.456,87.177
0.457,87.229
0.458,87.282
0.459,87.335
0.46,87.387
0.461,87.44
0.462,87.493
0.463,87.545
0.464,87.598
0.465,87.651
0.466,87.704
0.467,87.757
0.468,87.81
0.46900000000000003,87.863
0.47000000000000003,87.916
0.47100000000000003,87.969
0.47200000000000003,88.022
0.47300000000000003,88.075
0.47400000000000003,88.129
0.47500000000000003,88.182
0.47600000000000003,88.235
0.47700000000000004,88.288
0.47800000000000004,88.342
0.47900000000000004,88.395
0.48000000000000004,88.449
0.481,88.502
0.482,88.556
0.483,88.609
0.484,88.663
0.485,88.717
0.486,88.77
0.487,88.824
0.488,88.878
0.489,88.932
0.49,88.985
0.491,89.039
0.492,89.093
0.493,89.147
0.494,89.201
0.495,89.255
0.496,89.309
0.497,89.364
0.498,89.418
0.499,89.472
0.5,89.526
0.501,89.581
0.502,89.635
0.503,89.689
0.504,89.744
0.505,89.798
0.506,89.853
0.507,89.907
0.508,89.962
0.509,90.016
0.51,90.071
0.511,90.126
0.512,90.18
0.513,90.235
0.514,90.29
0.515,90.345
0.516,90.4
0.517,90.455
0.518,90.51
0.519,90.565
0.52,90.62
0.521,90.675
0.522,90.73
0.523,90.785
0.524,90.84
0.525,90.896
0.526,90.951
0.527,91.006
0.528,91.061
0.529,91.117
0.53,91.172
0.531,91.228
0.532,91.283
0.533,91.339
0.534,91.394
0.535,91.45
0.536,91.506
0.537,91.561
0.538,91.617
0.539,91.673
0.54,91.729
0.541,91.785
0.542,91.841
0.543,91.897
0.544,91.953
0.545,92.009
0.546,92.065
0.547,92.121
0.548,92.177
0.549,92.233
0.55,92.289
0.551,92.345
0.552,92.402
0.553,92.458
0.554,92.514
0.555,92.571
0.556,92.627
0.557,92.684
0.558,92.74
0.559,92.797
0.56,92.853
0.561,92.91
0.562,92.967
0.5630000000000001,93.023
0.5640000000000001,93.08
0.5650000000000001,93.137
0.5660000000000001,93.194
0.5670000000000001,93.251
0.5680000000000001,93.308
0.5690000000000001,93.365
0.5700000000000001,93.421
0.5710000000000001,93.479
0.5720000000000001,93.536
0.5730000000000001,93.593
0.5740000000000001,93.65
0.5750000000000001,93.707
0.5760000000000001,93.764
0.5770000000000001,93.821
0.578,93.879
0.579,93.936
0.58,93.993
0.581,94.051
0.582,94.108
0.583,94.166
0.584,94.223
0.585,94.281
0.586,94.338
0.587,94.396
0.588,94.454
0.589,94.511
0.59,94.569
0.591,94.627
0.592,94.685
0.593,94.742
0.594,94.8
0.595,94.858
0.596,94.916
0.597,94.974
0.598,95.032
0.599,95.09
0.6,95.148
0.601,95.207
0.602,95.265
0.603,95.323
0.604,95.381
0.605,95.439
0.606,95.498
0.607,95.556
0.608,95.615
0.609,95.673
0.61,95.732
0.611,95.79
0.612,95.849
0.613,95.907
0.614,95.966
0.615,96.024
0.616,96.083
0.617,96.142
0.618,96.201
0.619,96.259
0.62,96.318
0.621,96.377
0.622,96.436
0.623,96.495
0.624,96.554
0.625,96.613
0.626,96.672
0.627,96.731
0.628,96.79
0.629,96.85
0.63,96.909
0.631,96.968
0.632,97.027
0.633,97.087
0.634,97.146
0.635,97.206
0.636,97.265
0.637,97.324
0.638,97.384
0.639,97.443
0.64,97.503
0.641,97.563
0.642,97.622
0.643,97.682
0.644,97.742
0.645,97.802
0.646,97.861
0.647,97.921
0.648,97.981
0.649,98.041
0.65,98.101
0.651,98.161
0.652,98.221
0.653,98.281
0.654,98.341
0.655,98.401
0.656,98.461
0.657,98.522
0.658,98.582
0.659,98.642
0.66,98.702
0.661,98.763
0.662,98.823
0.663,98.883
0.664,98.944
0.665,99.004
0.666,99.065
0.667,99.125
0.668,99.186
0.669,99.247
0.67,99.307
0.671,99.368
0.672,99.429
0.673,99.49
0.674,99.55
0.675,99.611
0.676,99.672
0.677,99.733
0.678,99.794
0.679,99.855
0.68,99.916
0.681,99.977
0.682,100.038
0.683,100.099
0.684,100.16
0.685,100.222
0.686,100.283
0.687,100.344
0.6880000000000001,100.405
0.6890000000000001,100.467
0.6900000000000001,100.528
0.6910000000000001,100.59
0.6920000000000001,100.651
0.6930000000000001,100.713
0.6940000000000001,100.774
0.6950000000000001,100.836
0.6960000000000001,100.897
0.6970000000000001,100.959
0.6980000000000001,101.02
0.6990000000000001,101.082
0.7000000000000001,101.144
0.7010000000000001,101.206
0.7020000000000001,101.267
0.7030000000000001,101.329
0.7040000000000001,101.391
0.705,101.453
0.706,101.515
0.707,101.577
0.708,101.639
0.709,101.701
0.71,101.763
0.711,101.825
0.712,101.887
0.713,101.95
0.714,102.012
0.715,102.074
0.716,102.136
0.717,102.199
0.718,102.261
0.719,102.323
0.72,102.386
0.721,102.448
0.722,102.511
0.723,102.573
0.724,102.636
0.725,102.698
0.726,102.761
0.727,102.824
0.728,102.886
0.729,102.949
0.73,103.012
0.731,103.075
0.732,103.138
0.733,103.2
0.734,103.263
0.735,103.326
0.736,103.389
0.737,103.452
0.738,103.515
0.739,103.578
0.74,103.642
0.741,103.705
0.742,103.768
0.743,103.831
0.744,103.894
0.745,103.958
0.746,104.021
0.747,104.084
0.748,104.148
0.749,104.211
0.75,104.275
0.751,104.338
0.752,104.402
0.753,104.465
0.754,104.529
0.755,104.592
0.756,104.656
0.757,104.72
0.758,104.783
0.759,104.847
0.76,104.911
0.761,104.975
0.762,105.039
0.763,105.103
0.764,105.167
0.765,105.231
0.766,105.295
0.767,105.359
0.768,105.423
0.769,105.487
0.77,105.551
0.771,105.615
0.772,105.679
0.773,105.743
0.774,105.808
0.775,105.872
0.776,105.936
0.777,106.001
0.778,106.065
0.779,106.13
0.78,106.194
0.781,106.259
0.782,106.323
0.783,106.388
0.784,106.452
0.785,106.517
0.786,106.582
0.787,106.646
0.788,106.711
0.789,106.776
0.79,106.841
0.791,106.905
0.792,106.97
0.793,107.035
0.794,107.1
0.795,107.165
0.796,107.23
0.797,107.295
0.798,107.36
0.799,107.425
0.8,107.49
0.801,107.556
0.802,107.621
0.803,107.686
0.804,107.751
0.805,107.817
0.806,107.882
0.807,107.947
0.808,108.013
0.809,108.078
0.81,108.144
0.811,108.209
0.812,108.275
0.8130000000000001,108.34
0.8140000000000001,108.406
0.8150000000000001,108.471
0.8160000000000001,108.537
0.8170000000000001,108.603
0.8180000000000001,108.668
0.8190000000000001,108.734
0.8200000000000001,108.8
0.8210000000000001,108.866
0.8220000000000001,108.932
0.8230000000000001,108.998
0.8240000000000001,109.063
0.8250000000000001,109.129
0.8260000000000001,109.195
0.8270000000000001,109.261
0.8280000000000001,109.327
0.8290000000000001,109.394
0.8300000000000001,109.46
0.8310000000000001,109.526
0.8320000000000001,109.592
0.8330000000000001,109.658
0.834,109.724
0.835,109.791
0.836,109.857
0.837,109.923
0.838,109.99
0.839,110.056
0.84,110.123
0.841,110.189
0.842,110.256
0.843,110.322
0.844,110.389
0.845,110.455
0.846,110.522
0.847,110.589
0.848,110.655
0.849,110.722
0.85,110.789
0.851,110.856
0.852,110.922
0.853,110.989
0.854,111.056
0.855,111.123
0.856,111.19
0.857,111.257
0.858,111.324
0.859,111.391
0.86,111.458
0.861,111.525
0.862,111.592
0.863,111.66
0.864,111.727
0.865,111.794
0.866,111.861
0.867,111.929
0.868,111.996
0.869,112.063
0.87,112.131
0.871,112.198
0.872,112.266
0.873,112.333
0.874,112.401
0.875,112.468
0.876,112.536
0.877,112.603
0.878,112.671
0.879,112.739
0.88,112.806
0.881,112.874
0.882,112.942
0.883,113.01
0.884,113.078
0.885,113.145
0.886,113.213
0.887,113.281
0.888,113.349
0.889,113.417
0.89,113.485
0.891,113.553
0.892,113.621
0.893,113.69
0.894,113.758
0.895,113.826
0.896,113.894
0.897,113.962
0.898,114.031
0.899,114.099
0.9,114.167
0.901,114.236
0.902,114.304
0.903,114.372
0.904,114.441
0.905,114.509
0.906,114.578
0.907,114.647
0.908,114.715
0.909,114.784
0.91,114.852
0.911,114.921
0.912,114.99
0.913,115.059
0.914,115.127
0.915,115.196
0.916,115.265
0.917,115.334
0.918,115.403
0.919,115.472
0.92,115.541
0.921,115.61
0.922,115.679
0.923,115.748
0.924,115.817
0.925,115.886
0.926,115.955
0.927,116.024
0.928,116.093
0.929,116.163
0.93,116.232
0.931,116.301
0.932,116.37
0.933,116.44
0.934,116.509
0.935,116.579
0.936,116.648
0.937,116.718
0.9380000000000001,116.787
0.9390000000000001,116.857
0.9400000000000001,116.926
0.9410000000000001,116.996
0.9420000000000001,117.065
0.9430000000000001,117.135
0.9440000000000001,117.205
0.9450000000000001,117.275
0.9460000000000001,117.344
0.9470000000000001,117.414
0.9480000000000001,117.484
0.9490000000000001,117.554
0.9500000000000001,117.624
0.9510000000000001,117.693
0.9520000000000001,117.763
0.9530000000000001,117.833
0.9540000000000001,117.903
0.9550000000000001,117.973
0.9560000000000001,118.043
0.9570000000000001,118.114
0.9580000000000001,118.184
0.9590000000000001,118.254
0.9600000000000001,118.324
0.961,118.394
0.962,118.464
0.963,118.535
0.964,118.605
0.965,118.675
0.966,118.746
0.967,118.816
0.968,118.886
0.969,118.957
0.97,119.027
0.971,119.098
0.972,119.168
0.973,119.239
0.974,119.31
0.975,119.38
0.976,119.451
0.977,119.522
0.978,119.592
0.979,119.663
0.98,119.734
0.981,119.805
0.982,119.875
0.983,119.946
0.984,120.017
0.985,120.088
0.986,120.159
0.987,120.23
0.988,120.301
0.989,120.372
0.99,120.443
0.991,120.514
0.992,120.585
0.993,120.657
0.994,120.728
0.995,120.799
0.996,120.87
0.997,120.941
0.998,121.013
0.999,121.084
1.0,121.155
1.01,121.871
1.02,122.589
1.03,123.31
1.04,124.034
1.05,124.761
1.06,125.491
1.07,126.223
1.08,126.959
1.09,127.697
1.1,128.438
1.11,129.182
1.12,129.928
1.1300000000000001,130.678
1.1400000000000001,131.43
1.1500000000000001,132.184
1.1600000000000001,132.942
1.1700000000000002,133.702
1.1800000000000002,134.465
1.1900000000000002,135.231
1.2000000000000002,135.999
1.2100000000000002,136.77
1.2200000000000002,137.543
1.2300000000000002,138.319
1.2400000000000002,139.098
1.2500000000000002,139.88
1.2600000000000002,140.663
1.2700000000000002,141.45
1.2800000000000002,142.239
1.2900000000000003,143.031
1.3000000000000003,143.825
1.3100000000000003,144.621
1.3200000000000003,145.42
1.3300000000000003,146.222
1.3400000000000003,147.026
1.3500000000000003,147.833
1.3600000000000003,148.642
1.3700000000000003,149.454
1.3800000000000003,150.268
1.3900000000000003,151.084
1.4000000000000004,151.903
1.4100000000000004,152.724
1.4200000000000004,153.548
1.4300000000000004,154.374
1.4400000000000004,155.202
1.4500000000000004,156.033
1.4600000000000004,156.866
1.4700000000000004,157.702
1.4800000000000004,158.539
1.4900000000000004,159.38
1.5000000000000004,160.222
1.5100000000000005,161.067
1.5200000000000005,161.914
1.5300000000000005,162.763
1.5400000000000005,163.615
1.5500000000000005,164.469
1.5600000000000005,165.325
1.5700000000000005,166.183
1.5800000000000005,167.044
1.5900000000000005,167.907
1.6000000000000005,168.772
1.6100000000000005,169.64
1.6200000000000006,170.509
1.6300000000000006,171.381
1.6400000000000006,172.255
1.6500000000000006,173.131
1.6600000000000006,174.01
1.6700000000000006,174.89
1.6800000000000006,175.773
1.6900000000000006,176.658
1.7000000000000006,177.545
1.7100000000000006,178.434
1.7200000000000006,179.325
1.7300000000000006,180.218
1.7400000000000007,181.114
1.7500000000000007,182.011
1.7600000000000007,182.911
1.7700000000000007,183.813
1.7800000000000007,184.717
1.7900000000000007,185.623
1.8000000000000007,186.531
1.8100000000000007,187.441
1.8200000000000007,188.353
1.8300000000000007,189.267
1.8400000000000007,190.183
1.8500000000000008,191.102
1.8600000000000008,192.022
1.8700000000000008,192.944
1.8800000000000008,193.869
1.8900000000000008,194.795
1.9000000000000008,195.723
1.9100000000000008,196.654
1.9200000000000008,197.586
1.9300000000000008,198.52
1.9400000000000008,199.457
1.9500000000000008,200.395
1.9600000000000009,201.335
1.9700000000000009,202.278
1.9800000000000009,203.222
1.9900000000000009,204.168
2.000000000000001,205.116
2.0100000000000007,206.066
2.020000000000001,207.018
2.030000000000001,207.972
2.040000000000001,208.928
2.0500000000000007,209.885
2.060000000000001,210.845
2.070000000000001,211.806
2.080000000000001,212.77
2.0900000000000007,213.735
2.100000000000001,214.702
2.110000000000001,215.671
2.120000000000001,216.642
2.130000000000001,217.615
2.140000000000001,218.59
2.1500000000000012,219.566
2.160000000000001,220.545
2.170000000000001,221.525
2.180000000000001,222.507
2.1900000000000013,223.491
2.200000000000001,224.477
2.210000000000001,225.464
2.220000000000001,226.454
2.2300000000000013,227.445
2.240000000000001,228.438
2.250000000000001,229.433
2.260000000000001,230.43
2.2700000000000014,231.428
2.280000000000001,232.428
2.290000000000001,233.43
2.300000000000001,234.434
2.3100000000000014,235.44
2.320000000000001,236.447
2.330000000000001,237.456
2.340000000000001,238.467
2.3500000000000014,239.48
2.360000000000001,240.495
2.370000000000001,241.511
2.3800000000000012,242.529
2.3900000000000015,243.549
2.4000000000000012,244.57
2.410000000000001,245.593
2.4200000000000013,246.618
2.4300000000000015,247.645
2.4400000000000013,248.674
2.450000000000001,249.704
2.4600000000000013,250.736
2.4700000000000015,251.769
2.4800000000000013,252.804
2.490000000000001,253.841
2.5000000000000013,254.88
2.5100000000000016,255.921
2.5200000000000014,256.963
2.530000000000001,258.007
2.5400000000000014,259.052
2.5500000000000016,260.099
2.5600000000000014,261.148
2.570000000000001,262.199
2.5800000000000014,263.251
2.5900000000000016,264.305
2.6000000000000014,265.36
2.610000000000001,266.418
2.6200000000000014,267.476
2.6300000000000017,268.537
2.6400000000000015,269.599
2.6500000000000012,270.663
2.6600000000000015,271.729
2.6700000000000017,272.796
2.6800000000000015,273.864
2.6900000000000013,274.935
2.7000000000000015,276.007
2.7100000000000017,277.081
2.7200000000000015,278.156
2.7300000000000013,279.233
2.7400000000000015,280.311
2.7500000000000018,281.391
2.7600000000000016,282.473
2.7700000000000014,283.557
2.7800000000000016,284.642
2.790000000000002,285.728
2.8000000000000016,286.816
2.8100000000000014,287.906
2.8200000000000016,288.998
2.830000000000002,290.091
2.8400000000000016,291.185
2.8500000000000014,292.281
2.8600000000000017,293.379
2.870000000000002,294.478
2.8800000000000017,295.579
2.8900000000000015,296.682
2.9000000000000017,297.786
2.910000000000002,298.891
2.9200000000000017,299.998
2.9300000000000015,301.107
2.9400000000000017,302.217
2.950000000000002,303.329
2.9600000000000017,304.443
2.9700000000000015,305.558
2.9800000000000018,306.674
2.990000000000002,307.792
3.0000000000000018,308.912
3.0100000000000016,310.033
3.0200000000000014,311.155
3.030000000000002,312.279
3.040000000000002,313.405
3.0500000000000016,314.532
3.0600000000000014,315.661
3.070000000000002,316.791
3.080000000000002,317.923
3.0900000000000016,319.057
3.1000000000000014,320.191
3.110000000000002,321.328
3.120000000000002,322.466
3.1300000000000017,323.605
3.1400000000000015,324.746
3.150000000000002,325.888
3.160000000000002,327.032
3.1700000000000017,328.177
3.1800000000000015,329.324
3.190000000000002,330.473
3.200000000000002,331.622
3.2100000000000017,332.774
3.2200000000000015,333.927
3.230000000000002,335.081
3.240000000000002,336.237
3.2500000000000018,337.394
3.2600000000000016,338.553
3.2700000000000022,339.713
3.280000000000002,340.874
3.290000000000002,342.038
3.3000000000000016,343.202
3.3100000000000023,344.368
3.320000000000002,345.536
3.330000000000002,346.705
3.3400000000000016,347.875
3.3500000000000023,349.047
3.360000000000002,350.22
3.370000000000002,351.395
3.3800000000000017,352.572
3.3900000000000023,353.749
3.400000000000002,354.928
3.410000000000002,356.109
3.4200000000000017,357.291
3.4300000000000024,358.474
3.440000000000002,359.659
3.450000000000002,360.846
3.4600000000000017,362.033
3.4700000000000024,363.222
3.480000000000002,364.413
3.490000000000002,365.605
3.5000000000000018,366.799
3.5100000000000025,367.993
3.5200000000000022,369.19
3.530000000000002,370.387
3.540000000000002,371.587
3.5500000000000025,372.787
3.5600000000000023,373.989
3.570000000000002,375.192
3.580000000000002,376.397
3.5900000000000025,377.603
3.6000000000000023,378.811
3.610000000000002,380.02
3.620000000000002,381.23
3.6300000000000026,382.442
3.6400000000000023,383.655
3.650000000000002,384.869
3.660000000000002,386.085
3.6700000000000026,387.303
3.6800000000000024,388.521
3.690000000000002,389.741
3.700000000000002,390.963
3.7100000000000026,392.186
3.7200000000000024,393.41
3.730000000000002,394.636
3.740000000000002,395.863
3.7500000000000027,397.091
3.7600000000000025,398.321
3.7700000000000022,399.552
3.780000000000002,400.784
3.7900000000000027,402.018
3.8000000000000025,403.253
3.8100000000000023,404.49
3.820000000000002,405.728
3.8300000000000027,406.967
3.8400000000000025,408.207
3.8500000000000023,409.449
3.860000000000002,410.693
3.8700000000000028,411.937
3.8800000000000026,413.183
3.8900000000000023,414.431
3.900000000000002,415.68
3.910000000000003,416.93
3.9200000000000026,418.181
3.9300000000000024,419.434
3.940000000000002,420.688
3.950000000000003,421.943
3.9600000000000026,423.2
3.9700000000000024,424.458
3.980000000000002,425.718
3.990000000000003,426.978
4.000000000000003,428.24
4.0100000000000025,429.504
4.020000000000002,430.769
4.030000000000003,432.035
4.040000000000003,433.302
4.0500000000000025,434.571
4.060000000000002,435.841
4.070000000000003,437.112
4.080000000000003,438.385
4.0900000000000025,439.659
4.100000000000002,440.934
4.110000000000003,442.211
4.120000000000003,443.489
4.130000000000003,444.768
4.140000000000002,446.048
4.150000000000003,447.33
4.160000000000003,448.613
4.170000000000003,449.898
4.180000000000002,451.183
4.190000000000003,452.47
4.200000000000003,453.759
4.210000000000003,455.048
4.220000000000002,456.339
4.230000000000003,457.632
4.240000000000003,458.925
4.250000000000003,460.22
4.2600000000000025,461.516
4.270000000000003,462.813
4.280000000000003,464.112
4.290000000000003,465.412
4.3000000000000025,466.713
4.310000000000003,468.016
4.320000000000003,469.319
4.330000000000003,470.625
4.3400000000000025,471.931
4.350000000000003,473.238
4.360000000000003,474.547
4.370000000000003,475.858
4.380000000000003,477.169
4.390000000000003,478.482
4.400000000000003,479.796
4.410000000000003,481.111
4.420000000000003,482.427
4.430000000000003,483.745
4.440000000000003,485.064
4.450000000000003,486.385
4.460000000000003,487.706
4.470000000000003,489.029
4.480000000000003,490.353
4.490000000000003,491.678
4.500000000000003,493.005
4.510000000000003,494.333
4.520000000000003,495.662
4.530000000000003,496.992
4.540000000000003,498.324
4.550000000000003,499.657
4.560000000000003,500.991
4.570000000000003,502.326
4.580000000000003,503.663
4.590000000000003,505.0
4.600000000000003,506.339
4.610000000000003,507.68
4.620000000000003,509.021
4.6300000000000034,510.364
4.640000000000003,511.708
4.650000000000003,513.053
4.660000000000003,514.4
4.6700000000000035,515.747
4.680000000000003,517.096
4.690000000000003,518.447
4.700000000000003,519.798
4.7100000000000035,521.151
4.720000000000003,522.504
4.730000000000003,523.86
4.740000000000003,525.216
4.7500000000000036,526.573
4.760000000000003,527.932
4.770000000000003,529.292
4.780000000000003,530.653
4.790000000000004,532.016
4.800000000000003,533.379
4.810000000000003,534.744
4.820000000000003,536.11
4.830000000000004,537.477
4.840000000000003,538.846
4.850000000000003,540.216
4.860000000000003,541.586
4.870000000000004,542.959
4.8800000000000034,544.332
4.890000000000003,545.706
4.900000000000003,547.082
4.910000000000004,548.459
4.9200000000000035,549.837
4.930000000000003,551.216
4.940000000000003,552.597
4.950000000000004,553.979
4.9600000000000035,555.362
4.970000000000003,556.746
4.980000000000003,558.131
4.990000000000004,559.517
5.0000000000000036,560.905
5.010000000000003,562.294
5.020000000000003,563.684
5.030000000000003,565.075
5.040000000000004,566.468
5.050000000000003,567.861
5.060000000000003,569.256
5.070000000000004,570.652
5.080000000000004,572.049
5.090000000000003,573.448
5.100000000000003,574.847
5.110000000000003,576.248
5.120000000000004,577.65
5.1300000000000034,579.053
5.140000000000003,580.457
5.150000000000004,581.863
5.160000000000004,583.269
5.1700000000000035,584.677
5.180000000000003,586.086
5.190000000000003,587.496
5.200000000000004,588.908
5.2100000000000035,590.32
5.220000000000003,591.734
5.230000000000004,593.149
5.240000000000004,594.565
5.2500000000000036,595.982
5.260000000000003,597.4
5.270000000000003,598.819
5.280000000000004,600.24
5.290000000000004,601.662
5.300000000000003,603.085
5.310000000000004,604.509
5.320000000000004,605.934
5.330000000000004,607.361
5.340000000000003,608.788
5.350000000000003,610.217
5.360000000000004,611.647
5.370000000000004,613.078
5.3800000000000034,614.51
5.390000000000004,615.944
5.400000000000004,617.378
5.410000000000004,618.814
5.4200000000000035,620.25
5.430000000000003,621.688
5.440000000000004,623.127
5.450000000000004,624.568
5.4600000000000035,626.009
5.470000000000004,627.452
5.480000000000004,628.895
5.490000000000004,630.34
5.5000000000000036,631.786
5.510000000000003,633.233
5.520000000000004,634.681
5.530000000000004,636.131
5.540000000000004,637.581
5.550000000000004,639.033
5.560000000000004,640.486
5.570000000000004,641.939
5.580000000000004,643.394
5.590000000000003,644.851
5.600000000000004,646.308
5.610000000000004,647.766
5.620000000000004,649.226
5.630000000000004,650.687
5.640000000000004,652.148
5.650000000000004,653.611
5.660000000000004,655.075
5.6700000000000035,656.541
5.680000000000004,658.007
5.690000000000004,659.474
5.700000000000004,660.943
5.710000000000004,662.412
5.720000000000004,663.883
5.730000000000004,665.355
5.740000000000004,666.828
5.7500000000000036,668.302
5.760000000000004,669.778
5.770000000000004,671.254
5.780000000000004,672.731
5.7900000000000045,674.21
5.800000000000004,675.69
5.810000000000004,677.17
5.820000000000004,678.652
5.830000000000004,680.135
5.840000000000004,681.62
5.850000000000004,683.105
5.860000000000004,684.591
5.8700000000000045,686.079
5.880000000000004,687.567
5.890000000000004,689.057
5.900000000000004,690.548
5.910000000000004,692.039
5.920000000000004,693.532
5.930000000000004,695.026
5.940000000000004,696.522
5.950000000000005,698.018
5.960000000000004,699.515
5.970000000000004,701.014
5.980000000000004,702.513
5.990000000000004,704.014
6.000000000000004,705.516
6.010000000000004,707.019
6.020000000000004,708.522
6.030000000000005,710.028
6.0400000000000045,711.534
6.050000000000004,713.041
6.060000000000004,714.549
6.070000000000004,716.059
6.0800000000000045,717.569
6.090000000000004,719.081
6.100000000000004,720.593
6.110000000000005,722.107
6.1200000000000045,723.622
6.130000000000004,725.138
6.140000000000004,726.655
6.150000000000004,728.173
6.160000000000005,729.692
6.170000000000004,731.212
6.180000000000004,732.733
6.190000000000005,734.256
6.200000000000005,735.779
6.210000000000004,737.304
6.220000000000004,738.829
6.230000000000004,740.356
6.240000000000005,741.884
6.250000000000004,743.413
6.260000000000004,744.942
6.270000000000005,746.473
6.280000000000005,748.005
6.2900000000000045,749.539
6.300000000000004,751.073
6.310000000000004,752.608
6.320000000000005,754.144
6.3300000000000045,755.682
6.340000000000004,757.22
6.350000000000005,758.76
6.360000000000005,760.3
6.3700000000000045,761.842
6.380000000000004,763.385
6.390000000000004,764.928
6.400000000000005,766.473
6.410000000000005,768.019
6.420000000000004,769.566
6.430000000000005,771.114
6.440000000000005,772.663
6.450000000000005,774.213
6.460000000000004,775.765
6.470000000000004,777.317
6.480000000000005,778.87
6.490000000000005,780.425
6.500000000000004,781.98
6.510000000000005,783.536
6.520000000000005,785.094
6.530000000000005,786.652
6.5400000000000045,788.212
6.550000000000004,789.773
6.560000000000005,791.334
6.570000000000005,792.897
6.5800000000000045,794.461
6.590000000000005,796.026
6.600000000000005,797.592
6.610000000000005,799.159
6.6200000000000045,800.727
6.630000000000004,802.296
6.640000000000005,803.866
6.650000000000005,805.437
6.660000000000005,807.009
6.670000000000005,808.582
6.680000000000005,810.157
6.690000000000005,811.732
6.700000000000005,813.308
6.710000000000004,814.886
6.720000000000005,816.464
6.730000000000005,818.044
6.740000000000005,819.624
6.750000000000005,821.206
6.760000000000005,822.788
6.770000000000005,824.372
6.780000000000005,825.956
6.7900000000000045,827.542
6.800000000000005,829.129
6.810000000000005,830.716
6.820000000000005,832.305
6.830000000000005,833.895
6.840000000000005,835.486
6.850000000000005,837.078
6.860000000000005,838.671
6.8700000000000045,840.264
6.880000000000005,841.859
6.890000000000005,843.455
6.900000000000005,845.052
6.9100000000000055,846.65
6.920000000000005,848.249
6.930000000000005,849.849
6.940000000000005,851.45
6.950000000000005,853.052
6.960000000000005,854.656
6.970000000000005,856.26
6.980000000000005,857.865
6.9900000000000055,859.471
7.000000000000005,861.078
7.010000000000005,862.686
7.020000000000005,864.296
7.030000000000005,865.906
7.040000000000005,867.517
7.050000000000005,869.129
7.060000000000005,870.743
7.070000000000006,872.357
7.080000000000005,873.972
7.090000000000005,875.589
7.100000000000005,877.206
7.110000000000005,878.824
7.120000000000005,880.444
7.130000000000005,882.064
7.140000000000005,883.685
7.150000000000006,885.308
7.1600000000000055,886.931
7.170000000000005,888.555
7.180000000000005,890.181
7.190000000000005,891.807
7.2000000000000055,893.435
7.210000000000005,895.063
7.220000000000005,896.692
7.230000000000006,898.323
7.2400000000000055,899.954
7.250000000000005,901.587
7.260000000000005,903.22
7.270000000000005,904.855
7.280000000000006,906.49
7.290000000000005,908.126
7.300000000000005,909.764
7.310000000000006,911.402
7.320000000000006,913.042
7.330000000000005,914.682
7.340000000000005,916.324
7.350000000000005,917.966
7.360000000000006,919.609
7.370000000000005,921.254
7.380000000000005,922.899
7.390000000000006,924.546
7.400000000000006,926.193
7.4100000000000055,927.841
7.420000000000005,929.491
7.430000000000005,931.141
7.440000000000006,932.792
7.4500000000000055,934.445
7.460000000000005,936.098
7.470000000000006,937.752
7.480000000000006,939.408
7.4900000000000055,941.064
7.500000000000005,942.721
7.510000000000005,944.379
7.520000000000006,946.039
7.530000000000006,947.699
7.540000000000005,949.36
7.550000000000006,951.022
7.560000000000006,952.685
7.570000000000006,954.349
7.580000000000005,956.015
7.590000000000005,957.681
7.600000000000006,959.348
7.610000000000006,961.016
7.620000000000005,962.685
7.630000000000006,964.355
7.640000000000006,966.026
7.650000000000006,967.698
7.6600000000000055,969.371
7.670000000000005,971.045
7.680000000000006,972.72
7.690000000000006,974.396
7.7000000000000055,976.072
7.710000000000006,977.75
7.720000000000006,979.429
7.730000000000006,981.109
7.7400000000000055,982.79
7.750000000000005,984.471
7.760000000000006,986.154
7.770000000000006,987.838
7.780000000000006,989.522
7.790000000000006,991.208
7.800000000000006,992.894
7.810000000000006,994.582
7.820000000000006,996.271
7.830000000000005,997.96
7.840000000000006,999.65
7.850000000000006,1001.342
7.860000000000006,1003.034
7.870000000000006,1004.728
7.880000000000006,1006.422
7.890000000000006,1008.117
7.900000000000006,1009.813
7.9100000000000055,1011.51
7.920000000000006,1013.209
7.930000000000006,1014.908
7.940000000000006,1016.608
7.950000000000006,1018.309
7.960000000000006,1020.011
7.970000000000006,1021.714
7.980000000000006,1023.418
7.9900000000000055,1025.122
8.000000000000007,1026.828
8.010000000000007,1028.535
8.020000000000007,1030.243
8.030000000000006,1031.951
8.040000000000006,1033.661
8.050000000000006,1035.372
8.060000000000006,1037.083
8.070000000000006,1038.796
8.080000000000007,1040.509
8.090000000000007,1042.224
8.100000000000007,1043.939
8.110000000000007,1045.655
8.120000000000006,1047.372
8.130000000000006,1049.091
8.140000000000006,1050.81
8.150000000000006,1052.53
8.160000000000007,1054.251
8.170000000000007,1055.973
8.180000000000007,1057.696
8.190000000000007,1059.42
8.200000000000006,1061.145
8.210000000000006,1062.87
8.220000000000006,1064.597
8.230000000000006,1066.325
8.240000000000007,1068.053
8.250000000000007,1069.783
8.260000000000007,1071.513
8.270000000000007,1073.245
8.280000000000006,1074.977
8.290000000000006,1076.711
8.300000000000006,1078.445
8.310000000000006,1080.18
8.320000000000007,1081.916
8.330000000000007,1083.653
8.340000000000007,1085.391
8.350000000000007,1087.13
8.360000000000007,1088.87
8.370000000000006,1090.611
8.380000000000006,1092.353
8.390000000000006,1094.096
8.400000000000007,1095.839
8.410000000000007,1097.584
8.420000000000007,1099.329
8.430000000000007,1101.076
8.440000000000007,1102.823
8.450000000000006,1104.571
8.460000000000006,1106.321
8.470000000000006,1108.071
8.480000000000008,1109.822
8.490000000000007,1111.574
8.500000000000007,1113.327
8.510000000000007,1115.081
8.520000000000007,1116.836
8.530000000000006,1118.591
8.540000000000006,1120.348
8.550000000000006,1122.106
8.560000000000008,1123.864
8.570000000000007,1125.624
8.580000000000007,1127.384
8.590000000000007,1129.146
8.600000000000007,1130.908
8.610000000000007,1132.671
8.620000000000006,1134.435
8.630000000000006,1136.2
8.640000000000008,1137.966
8.650000000000007,1139.733
8.660000000000007,1141.501
8.670000000000007,1143.269
8.680000000000007,1145.039
8.690000000000007,1146.81
8.700000000000006,1148.581
8.710000000000006,1150.353
8.720000000000008,1152.127
8.730000000000008,1153.901
8.740000000000007,1155.676
8.750000000000007,1157.452
8.760000000000007,1159.229
8.770000000000007,1161.007
8.780000000000006,1162.786
8.790000000000006,1164.566
8.800000000000008,1166.346
8.810000000000008,1168.128
8.820000000000007,1169.91
8.830000000000007,1171.694
8.840000000000007,1173.478
8.850000000000007,1175.263
8.860000000000007,1177.049
8.870000000000006,1178.836
8.880000000000008,1180.624
8.890000000000008,1182.413
8.900000000000007,1184.203
8.910000000000007,1185.994
8.920000000000007,1187.785
8.930000000000007,1189.578
8.940000000000007,1191.371
8.950000000000006,1193.166
8.960000000000008,1194.961
8.970000000000008,1196.757
8.980000000000008,1198.554
8.990000000000007,1200.352
9.000000000000007,1202.151
9.010000000000007,1203.951
9.020000000000007,1205.751
9.030000000000006,1207.553
9.040000000000006,1209.355
9.050000000000006,1211.159
9.060000000000008,1212.963
9.070000000000007,1214.768
9.080000000000007,1216.574
9.090000000000007,1218.381
9.100000000000007,1220.189
9.110000000000007,1221.998
9.120000000000006,1223.808
9.130000000000008,1225.618
9.140000000000008,1227.43
9.150000000000007,1229.242
9.160000000000007,1231.055
9.170000000000007,1232.87
9.180000000000007,1234.685
9.190000000000007,1236.501
9.200000000000006,1238.318
9.210000000000006,1240.135
9.220000000000008,1241.954
9.230000000000008,1243.774
9.240000000000007,1245.594
9.250000000000007,1247.415
9.260000000000007,1249.238
9.270000000000007,1251.061
9.280000000000006,1252.885
9.290000000000008,1254.71
9.300000000000008,1256.536
9.310000000000008,1258.362
9.320000000000007,1260.19
9.330000000000007,1262.018
9.340000000000007,1263.848
9.350000000000007,1265.678
9.360000000000007,1267.509
9.370000000000006,1269.341
9.380000000000008,1271.174
9.390000000000008,1273.008
9.400000000000007,1274.843
9.410000000000007,1276.679
9.420000000000007,1278.515
9.430000000000007,1280.352
9.440000000000007,1282.191
9.450000000000008,1284.03
9.460000000000008,1285.87
9.470000000000008,1287.711
9.480000000000008,1289.553
9.490000000000007,1291.395
9.500000000000007,1293.239
9.510000000000007,1295.083
9.520000000000007,1296.929
9.530000000000006,1298.775
9.540000000000008,1300.622
9.550000000000008,1302.47
9.560000000000008,1304.319
9.570000000000007,1306.169
9.580000000000007,1308.019
9.590000000000007,1309.871
9.600000000000007,1311.723
9.610000000000008,1313.576
9.620000000000008,1315.431
9.630000000000008,1317.286
9.640000000000008,1319.141
9.650000000000007,1320.998
9.660000000000007,1322.856
9.670000000000007,1324.714
9.680000000000007,1326.574
9.690000000000007,1328.434
9.700000000000008,1330.295
9.710000000000008,1332.157
9.720000000000008,1334.02
9.730000000000008,1335.884
9.740000000000007,1337.749
9.750000000000007,1339.614
9.760000000000007,1341.481
9.770000000000008,1343.348
9.780000000000008,1345.216
9.790000000000008,1347.085
9.800000000000008,1348.955
9.810000000000008,1350.826
9.820000000000007,1352.697
9.830000000000007,1354.57
9.840000000000007,1356.443
9.850000000000007,1358.317
9.860000000000008,1360.192
9.870000000000008,1362.068
9.880000000000008,1363.945
9.890000000000008,1365.823
9.900000000000007,1367.702
9.910000000000007,1369.581
9.920000000000007,1371.461
9.930000000000009,1373.342
9.940000000000008,1375.225
9.950000000000008,1377.107
9.960000000000008,1378.991
9.970000000000008,1380.876
9.980000000000008,1382.761
9.990000000000007,1384.648
10.000000000000007,1386.535
10.1,1405.454
10.2,1424.46
10.299999999999999,1443.55
10.399999999999999,1462.726
10.499999999999998,1481.987
10.599999999999998,1501.331
10.699999999999998,1520.76
10.799999999999997,1540.272
10.899999999999997,1559.868
10.999999999999996,1579.546
11.099999999999996,1599.307
11.199999999999996,1619.149
11.299999999999995,1639.074
11.399999999999995,1659.08
11.499999999999995,1679.167
11.599999999999994,1699.335
11.699999999999994,1719.583
11.799999999999994,1739.912
11.899999999999993,1760.32
11.999999999999993,1780.808
12.099999999999993,1801.375
12.199999999999992,1822.021
12.299999999999992,1842.745
12.399999999999991,1863.548
12.499999999999991,1884.429
12.59999999999999,1905.387
12.69999999999999,1926.423
12.79999999999999,1947.536
12.89999999999999,1968.726
12.99999999999999,1989.992
13.099999999999989,2011.335
13.199999999999989,2032.753
13.299999999999988,2054.247
13.399999999999988,2075.817
13.499999999999988,2097.462
13.599999999999987,2119.182
13.699999999999987,2140.976
13.799999999999986,2162.845
13.899999999999986,2184.788
13.999999999999986,2206.805
14.099999999999985,2228.896
14.199999999999985,2251.06
14.299999999999985,2273.297
14.399999999999984,2295.607
14.499999999999984,2317.99
14.599999999999984,2340.445
14.699999999999983,2362.973
14.799999999999983,2385.572
14.899999999999983,2408.244
14.999999999999982,2430.986
15.099999999999982,2453.8
15.199999999999982,2476.685
15.299999999999981,2499.641
15.39999999999998,2522.668
15.49999999999998,2545.765
15.59999999999998,2568.932
15.69999999999998,2592.169
15.79999999999998,2615.476
15.899999999999979,2638.853
15.999999999999979,2662.298
16.09999999999998,2685.814
16.199999999999978,2709.397
16.299999999999976,2733.05
16.399999999999977,2756.771
16.49999999999998,2780.561
16.599999999999977,2804.419
16.699999999999974,2828.345
16.799999999999976,2852.338
16.899999999999977,2876.399
16.999999999999975,2900.527
17.099999999999973,2924.723
17.199999999999974,2948.986
17.299999999999976,2973.315
17.399999999999974,2997.711
17.49999999999997,3022.174
17.599999999999973,3046.703
17.699999999999974,3071.297
17.799999999999972,3095.958
17.89999999999997,3120.685
17.99999999999997,3145.477
18.099999999999973,3170.334
18.19999999999997,3195.257
18.29999999999997,3220.245
18.39999999999997,3245.298
18.49999999999997,3270.415
18.59999999999997,3295.597
18.699999999999967,3320.843
18.79999999999997,3346.154
18.89999999999997,3371.528
18.999999999999968,3396.967
19.099999999999966,3422.469
19.199999999999967,3448.035
19.29999999999997,3473.664
19.399999999999967,3499.356
19.499999999999964,3525.112
19.599999999999966,3550.93
19.699999999999967,3576.811
19.799999999999965,3602.755
19.899999999999963,3628.761
19.999999999999964,3654.83
20.099999999999966,3680.961
20.199999999999964,3707.154
20.29999999999996,3733.409
20.399999999999963,3759.725
20.499999999999964,3786.103
20.599999999999962,3812.543
20.69999999999996,3839.044
20.79999999999996,3865.606
20.899999999999963,3892.229
20.99999999999996,3918.913
21.09999999999996,3945.658
21.19999999999996,3972.463
21.29999999999996,3999.329
21.39999999999996,4026.255
21.499999999999957,4053.242
21.59999999999996,4080.288
21.69999999999996,4107.395
21.799999999999958,4134.561
21.899999999999956,4161.787
21.999999999999957,4189.072
22.09999999999996,4216.417
22.199999999999957,4243.821
22.299999999999955,4271.284
22.399999999999956,4298.807
22.499999999999957,4326.388
22.599999999999955,4354.028
22.699999999999953,4381.726
22.799999999999955,4409.484
22.899999999999956,4437.299
22.999999999999954,4465.173
23.09999999999995,4493.105
23.199999999999953,4521.095
23.299999999999955,4549.143
23.399999999999952,4577.249
23.49999999999995,4605.412
23.59999999999995,4633.633
23.699999999999953,4661.912
23.79999999999995,4690.247
23.89999999999995,4718.64
23.99999999999995,4747.09
24.09999999999995,4775.597
24.19999999999995,4804.161
24.299999999999947,4832.782
24.39999999999995,4861.459
24.49999999999995,4890.193
24.599999999999948,4918.983
24.699999999999946,4947.83
24.799999999999947,4976.733
24.89999999999995,5005.692
24.999999999999947,5034.706
25.099999999999945,5063.777
25.199999999999946,5092.904
25.299999999999947,5122.086
25.399999999999945,5151.323
25.499999999999943,5180.617
25.599999999999945,5209.965
25.699999999999946,5239.369
25.799999999999944,5268.828
25.89999999999994,5298.342
25.999999999999943,5327.91
26.099999999999945,5357.534
26.199999999999946,5387.212
26.29999999999994,5416.945
26.39999999999994,5446.733
26.499999999999943,5476.575
26.599999999999945,5506.471
26.69999999999994,5536.421
26.79999999999994,5566.426
26.89999999999994,5596.485
26.999999999999943,5626.597
27.099999999999937,5656.764
27.19999999999994,5686.984
27.29999999999994,5717.258
27.39999999999994,5747.585
27.499999999999936,5777.966
27.599999999999937,5808.4
27.69999999999994,5838.887
27.79999999999994,5869.428
27.899999999999935,5900.022
27.999999999999936,5930.668
28.099999999999937,5961.368
28.19999999999994,5992.12
28.299999999999933,6022.925
28.399999999999935,6053.783
28.499999999999936,6084.693
28.599999999999937,6115.656
28.699999999999932,6146.671
28.799999999999933,6177.738
28.899999999999935,6208.858
28.999999999999936,6240.029
29.09999999999993,6271.253
29.199999999999932,6302.529
29.299999999999933,6333.856
29.399999999999935,6365.235
29.49999999999993,6396.666
29.59999999999993,6428.148
29.699999999999932,6459.682
29.799999999999933,6491.267
29.899999999999928,6522.904
29.99999999999993,6554.592
30.09999999999993,6586.331
30.199999999999932,6618.121
30.299999999999926,6649.962
30.399999999999928,6681.854
30.49999999999993,6713.797
30.59999999999993,6745.791
30.699999999999925,6777.835
30.799999999999926,6809.93
30.899999999999928,6842.075
30.99999999999993,6874.271
31.099999999999923,6906.517
31.199999999999925,6938.814
31.299999999999926,6971.16
31.399999999999928,7003.557
31.499999999999922,7036.004
31.599999999999923,7068.501
31.699999999999925,7101.047
31.799999999999926,7133.644
31.89999999999992,7166.29
31.999999999999922,7198.986
32.09999999999992,7231.731
32.199999999999925,7264.526
32.29999999999992,7297.371
32.39999999999992,7330.264
32.49999999999992,7363.208
32.59999999999992,7396.2
32.69999999999992,7429.241
32.79999999999992,7462.332
32.89999999999992,7495.471
32.99999999999992,7528.66
33.099999999999916,7561.897
33.19999999999992,7595.183
33.29999999999992,7628.518
33.39999999999992,7661.901
33.499999999999915,7695.333
33.599999999999916,7728.813
33.69999999999992,7762.342
33.79999999999992,7795.919
33.89999999999991,7829.545
33.999999999999915,7863.219
34.099999999999916,7896.94
34.19999999999992,7930.71
34.29999999999991,7964.528
34.39999999999991,7998.394
34.499999999999915,8032.308
34.599999999999916,8066.27
34.69999999999991,8100.279
34.79999999999991,8134.336
34.89999999999991,8168.44
34.999999999999915,8202.593
35.09999999999991,8236.792
35.19999999999991,8271.039
35.29999999999991,8305.334
35.39999999999991,8339.675
35.49999999999991,8374.064
35.59999999999991,8408.5
35.69999999999991,8442.983
35.79999999999991,8477.513
35.899999999999906,8512.09
35.99999999999991,8546.714
36.09999999999991,8581.385
36.19999999999991,8616.102
36.299999999999905,8650.867
36.399999999999906,8685.678
36.49999999999991,8720.535
36.59999999999991,8755.439
36.6999999999999,8790.389
36.799999999999905,8825.386
36.899999999999906,8860.429
36.99999999999991,8895.519
37.0999999999999,8930.654
37.1999999999999,8965.836
37.299999999999905,9001.064
37.399999999999906,9036.338
37.4999999999999,9071.657
37.5999999999999,9107.023
37.6999999999999,9142.435
37.799999999999905,9177.892
37.8999999999999,9213.395
37.9999999999999,9248.944
38.0999999999999,9284.538
38.1999999999999,9320.178
38.2999999999999,9355.863
38.3999999999999,9391.594
38.4999999999999,9427.371
38.5999999999999,9463.192
38.699999999999896,9499.059
38.7999999999999,9534.971
38.8999999999999,9570.928
38.9999999999999,9606.93
39.099999999999895,9642.977
39.199999999999896,9679.07
39.2999999999999,9715.207
39.3999999999999,9751.389
39.49999999999989,9787.616
39.599999999999895,9823.887
39.699999999999896,9860.204
39.7999999999999,9896.565
39.89999999999989,9932.97
39.99999999999989,9969.42
40.099999999999895,10005.915
40.199999999999896,10042.454
40.29999999999989,10079.037
40.39999999999989,10115.665
40.49999999999989,10152.337
40.599999999999895,10189.053
40.69999999999989,10225.813
40.79999999999989,10262.618
40.89999999999989,10299.466
40.99999999999989,10336.359
41.09999999999989,10373.295
41.19999999999989,10410.276
41.29999999999989,10447.3
41.39999999999989,10484.368
41.499999999999886,10521.48
41.59999999999989,10558.635
41.69999999999989,10595.834
41.79999999999989,10633.077
41.899999999999885,10670.363
41.999999999999886,10707.693
42.09999999999989,10745.066
42.19999999999989,10782.482
42.29999999999989,10819.942
42.399999999999885,10857.445
42.499999999999886,10894.991
42.59999999999989,10932.581
42.69999999999988,10970.214
42.79999999999988,11007.889
42.899999999999885,11045.608
42.999999999999886,11083.37
43.09999999999989,11121.175
43.19999999999988,11159.022
43.29999999999988,11196.913
43.399999999999885,11234.846
43.49999999999988,11272.822
43.59999999999988,11310.841
43.69999999999988,11348.902
43.79999999999988,11387.006
43.899999999999885,11425.152
43.99999999999988,11463.341
44.09999999999988,11501.573
44.19999999999988,11539.847
44.299999999999876,11578.163
44.39999999999988,11616.521
44.49999999999988,11654.922
44.59999999999988,11693.365
44.69999999999988,11731.85
44.799999999999876,11770.378
44.89999999999988,11808.947
44.99999999999988,11847.559
45.09999999999987,11886.212
45.199999999999875,11924.908
45.299999999999876,11963.645
45.39999999999988,12002.424
45.49999999999988,12041.245
45.59999999999987,12080.108
45.699999999999875,12119.012
45.799999999999876,12157.959
45.89999999999987,12196.946
45.99999999999987,12235.976
46.09999999999987,12275.047
46.199999999999875,12314.159
46.299999999999876,12353.313
46.39999999999987,12392.508
46.49999999999987,12431.745
46.59999999999987,12471.023
46.69999999999987,12510.342
46.79999999999987,12549.703
46.89999999999987,12589.104
46.99999999999987,12628.547
47.09999999999987,12668.031
47.19999999999987,12707.556
47.29999999999987,12747.122
47.39999999999987,12786.729
47.499999999999865,12826.377
47.599999999999866,12866.066
47.69999999999987,12905.796
47.79999999999987,12945.567
47.89999999999987,12985.378
47.999999999999865,13025.23
48.099999999999866,13065.123
48.19999999999987,13105.056
48.29999999999986,13145.03
48.399999999999864,13185.045
48.499999999999865,13225.1
48.599999999999866,13265.195
48.69999999999987,13305.332
48.79999999999986,13345.508
48.899999999999864,13385.725
48.999999999999865,13425.982
49.09999999999986,13466.279
49.19999999999986,13506.617
49.29999999999986,13546.995
49.399999999999864,13587.413
49.499999999999865,13627.871
49.59999999999986,13668.369
49.69999999999986,13708.907
49.79999999999986,13749.485
49.89999999999986,13790.103
49.99999999999986,13830.762
50.09999999999986,13871.46
50.19999999999986,13912.197
50.29999999999986,13952.975
50.39999999999986,13993.792
50.49999999999986,14034.649
50.59999999999986,14075.546
50.699999999999854,14116.483
50.799999999999855,14157.459
50.89999999999986,14198.474
50.99999999999986,14239.53
51.09999999999986,14280.624
51.199999999999854,14321.758
51.299999999999855,14362.932
51.39999999999986,14404.145
51.49999999999985,14445.397
51.59999999999985,14486.689
51.699999999999854,14528.02
51.799999999999855,14569.39
51.89999999999986,14610.799
51.99999999999985,14652.248
52.09999999999985,14693.735
52.199999999999854,14735.262
52.29999999999985,14776.827
52.39999999999985,14818.432
52.49999999999985,14860.076
52.59999999999985,14901.759
52.699999999999854,14943.48
52.79999999999985,14985.24
52.89999999999985,15027.04
52.99999999999985,15068.878
53.099999999999845,15110.755
53.19999999999985,15152.67
53.29999999999985,15194.624
53.39999999999985,15236.617
53.49999999999985,15278.649
53.599999999999845,15320.719
53.69999999999985,15362.827
53.79999999999985,15404.974
53.89999999999984,15447.16
53.999999999999844,15489.384
54.099999999999845,15531.646
54.19999999999985,15573.947
54.29999999999985,15616.286
54.39999999999984,15658.664
54.499999999999844,15701.079
54.599999999999845,15743.533
54.69999999999984,15786.025
54.79999999999984,15828.556
54.89999999999984,15871.124
54.999999999999844,15913.731
55.099999999999845,15956.375
55.19999999999984,15999.058
55.29999999999984,16041.778
55.39999999999984,16084.537
55.49999999999984,16127.333
55.59999999999984,16170.168
55.69999999999984,16213.04
55.79999999999984,16255.95
55.89999999999984,16298.898
55.99999999999984,16341.883
56.09999999999984,16384.907
56.19999999999984,16427.968
56.299999999999834,16471.066
56.399999999999835,16514.203
56.49999999999984,16557.376
56.59999999999984,16600.588
56.69999999999984,16643.837
56.799999999999834,16687.123
56.899999999999835,16730.447
56.99999999999984,16773.809
57.09999999999983,16817.207
57.19999999999983,16860.643
57.299999999999834,16904.117
57.399999999999835,16947.628
57.49999999999984,16991.176
57.59999999999983,17034.761
57.69999999999983,17078.383
57.799999999999834,17122.043
57.89999999999983,17165.74
57.99999999999983,17209.474
58.09999999999983,17253.245
58.19999999999983,17297.053
58.299999999999834,17340.898
58.39999999999983,17384.78
58.49999999999983,17428.699
58.59999999999983,17472.655
58.699999999999825,17516.647
58.79999999999983,17560.677
58.89999999999983,17604.743
58.99999999999983,17648.847
59.09999999999983,17692.987
59.199999999999825,17737.164
59.29999999999983,17781.377
59.39999999999983,17825.627
59.49999999999982,17869.914
59.599999999999824,17914.238
59.699999999999825,17958.598
59.79999999999983,18002.994
59.89999999999983,18047.427
59.99999999999982,18091.897
60.099999999999824,18136.403
60.199999999999825,18180.945
60.29999999999982,18225.524
60.39999999999982,18270.14
60.49999999999982,18314.791
60.599999999999824,18359.479
60.699999999999825,18404.204
60.79999999999982,18448.964
60.89999999999982,18493.761
60.99999999999982,18538.594
61.09999999999982,18583.463
61.19999999999982,18628.368
61.29999999999982,18673.309
61.39999999999982,18718.287
61.49999999999982,18763.3
61.59999999999982,18808.35
61.69999999999982,18853.435
61.79999999999982,18898.557
61.899999999999814,18943.714
61.999999999999815,18988.908
62.09999999999982,19034.137
62.19999999999982,19079.402
62.29999999999982,19124.703
62.399999999999814,19170.04
62.499999999999815,19215.412
62.59999999999982,19260.82
62.69999999999981,19306.264
62.79999999999981,19351.744
62.899999999999814,19397.259
62.999999999999815,19442.81
63.09999999999982,19488.397
63.19999999999981,19534.019
63.29999999999981,19579.676
63.399999999999814,19625.369
63.49999999999981,19671.098
63.59999999999981,19716.862
63.69999999999981,19762.662
63.79999999999981,19808.497
63.899999999999814,19854.367
63.99999999999981,19900.273
64.09999999999981,19946.214
64.1999999999998,19992.19
64.2999999999998,20038.201
64.3999999999998,20084.248
64.4999999999998,20130.33
64.59999999999981,20176.448
64.6999999999998,20222.6
64.7999999999998,20268.787
64.8999999999998,20315.01
64.9999999999998,20361.268
65.0999999999998,20407.561
65.1999999999998,20453.888
65.2999999999998,20500.251
65.3999999999998,20546.649
65.4999999999998,20593.082
65.5999999999998,20639.549
65.6999999999998,20686.052
65.7999999999998,20732.589
65.89999999999979,20779.162
65.9999999999998,20825.769
66.0999999999998,20872.411
66.1999999999998,20919.087
66.2999999999998,20965.799
66.39999999999979,21012.545
66.4999999999998,21059.326
66.5999999999998,21106.141
66.69999999999979,21152.992
66.7999999999998,21199.876
66.89999999999979,21246.796
66.9999999999998,21293.75
67.0999999999998,21340.738
67.19999999999979,21387.761
67.2999999999998,21434.818
67.39999999999979,21481.91
67.49999999999979,21529.037
67.5999999999998,21576.197
67.69999999999979,21623.393
67.7999999999998,21670.622
67.89999999999979,21717.886
67.99999999999979,21765.184
68.0999999999998,21812.516
68.19999999999979,21859.883
68.29999999999978,21907.284
68.39999999999979,21954.719
68.49999999999979,22002.189
68.5999999999998,22049.692
68.69999999999979,22097.23
68.79999999999978,22144.802
68.89999999999979,22192.407
68.99999999999979,22240.047
69.09999999999978,22287.721
69.19999999999979,22335.429
69.29999999999978,22383.171
69.39999999999979,22430.947
69.49999999999979,22478.757
69.59999999999978,22526.601
69.69999999999979,22574.479
69.79999999999978,22622.39
69.89999999999978,22670.336
69.99999999999979,22718.315
70.09999999999978,22766.328
70.19999999999979,22814.375
70.29999999999978,22862.455
70.39999999999978,22910.57
70.49999999999979,22958.718
70.59999999999978,23006.899
70.69999999999978,23055.115
70.79999999999978,23103.364
70.89999999999978,23151.646
70.99999999999979,23199.962
71.09999999999978,23248.312
71.19999999999978,23296.695
71.29999999999978,23345.112
71.39999999999978,23393.563
71.49999999999977,23442.046
71.59999999999978,23490.564
71.69999999999978,23539.114
71.79999999999978,23587.698
71.89999999999978,23636.316
71.99999999999977,23684.966
72.09999999999978,23733.651
72.19999999999978,23782.368
72.29999999999977,23831.119
72.39999999999978,23879.903
72.49999999999977,23928.72
72.59999999999978,23977.57
72.69999999999978,24026.454
72.79999999999977,24075.371
72.89999999999978,24124.321
72.99999999999977,24173.304
73.09999999999977,24222.32
73.19999999999978,24271.37
73.29999999999977,24320.452
73.39999999999978,24369.567
73.49999999999977,24418.716
73.59999999999977,24467.897
73.69999999999978,24517.112
73.79999999999977,24566.359
73.89999999999976,24615.639
73.99999999999977,24664.953
74.09999999999977,24714.299
74.19999999999976,24763.678
74.29999999999977,24813.089
74.39999999999976,24862.534
74.49999999999977,24912.011
74.59999999999977,24961.522
74.69999999999976,25011.065
74.79999999999977,25060.64
74.89999999999976,25110.249
74.99999999999976,25159.89
75.09999999999977,25209.564
75.19999999999976,25259.27
75.29999999999976,25309.009
75.39999999999976,25358.781
75.49999999999976,25408.585
75.59999999999977,25458.422
75.69999999999976,25508.291
75.79999999999976,25558.193
75.89999999999976,25608.127
75.99999999999976,25658.094
76.09999999999977,25708.093
76.19999999999976,25758.125
76.29999999999976,25808.189
76.39999999999976,25858.286
76.49999999999976,25908.415
76.59999999999975,25958.576
76.69999999999976,26008.769
76.79999999999976,26058.995
76.89999999999975,26109.254
76.99999999999976,26159.544
77.09999999999975,26209.867
77.19999999999976,26260.222
77.29999999999976,26310.609
77.39999999999975,26361.028
77.49999999999976,26411.48
77.59999999999975,26461.963
77.69999999999976,26512.479
77.79999999999976,26563.027
77.89999999999975,26613.607
77.99999999999976,26664.219
78.09999999999975,26714.863
78.19999999999975,26765.539
78.29999999999976,26816.247
78.39999999999975,26866.987
78.49999999999974,26917.759
78.59999999999975,26968.563
78.69999999999975,27019.399
78.79999999999976,27070.267
78.89999999999975,27121.167
78.99999999999974,27172.098
79.09999999999975,27223.061
79.19999999999975,27274.057
79.29999999999976,27325.084
79.39999999999975,27376.142
79.49999999999974,27427.233
79.59999999999975,27478.355
79.69999999999975,27529.509
79.79999999999974,27580.695
79.89999999999975,27631.912
79.99999999999974,27683.162
80.09999999999974,27734.442
80.19999999999975,27785.755
80.29999999999974,27837.099
80.39999999999975,27888.474
80.49999999999974,27939.881
80.59999999999974,27991.32
80.69999999999975,28042.79
80.79999999999974,28094.292
80.89999999999975,28145.825
80.99999999999974,28197.39
81.09999999999974,28248.986
81.19999999999975,28300.613
81.29999999999974,28352.272
81.39999999999974,28403.963
81.49999999999974,28455.684
81.59999999999974,28507.437
81.69999999999973,28559.222
81.79999999999974,28611.038
81.89999999999974,28662.885
81.99999999999974,28714.763
82.09999999999974,28766.672
82.19999999999973,28818.613
82.29999999999974,28870.585
82.39999999999974,28922.589
82.49999999999974,28974.623
82.59999999999974,29026.689
82.69999999999973,29078.785
82.79999999999974,29130.913
82.89999999999974,29183.072
82.99999999999973,29235.262
83.09999999999974,29287.484
83.19999999999973,29339.736
83.29999999999973,29392.019
83.39999999999974,29444.333
83.49999999999973,29496.679
83.59999999999974,29549.055
83.69999999999973,29601.462
83.79999999999973,29653.9
83.89999999999974,29706.369
83.99999999999973,29758.869
84.09999999999974,29811.4
84.19999999999973,29863.962
84.29999999999973,29916.555
84.39999999999974,29969.178
84.49999999999973,30021.833
84.59999999999972,30074.518
84.69999999999973,30127.234
84.79999999999973,30179.98
84.89999999999972,30232.758
84.99999999999973,30285.566
85.09999999999972,30338.404
85.19999999999973,30391.274
85.29999999999973,30444.174
85.39999999999972,30497.105
85.49999999999973,30550.067
85.59999999999972,30603.059
85.69999999999973,30656.081
85.79999999999973,30709.135
85.89999999999972,30762.219
85.99999999999973,30815.333
86.09999999999972,30868.478
86.19999999999972,30921.654
86.29999999999973,30974.86
86.39999999999972,31028.096
86.49999999999972,31081.363
86.59999999999972,31134.66
86.69999999999972,31187.988
86.79999999999973,31241.346
86.89999999999972,31294.735
86.99999999999972,31348.154
87.09999999999972,31401.603
87.19999999999972,31455.083
87.29999999999973,31508.593
87.39999999999972,31562.133
87.49999999999972,31615.704
87.59999999999972,31669.305
87.69999999999972,31722.936
87.79999999999971,31776.598
87.89999999999972,31830.289
87.99999999999972,31884.011
88.09999999999971,31937.763
88.19999999999972,31991.545
88.29999999999971,32045.358
88.39999999999972,32099.2
88.49999999999972,32153.073
88.59999999999971,32206.975
88.69999999999972,32260.908
88.79999999999971,32314.871
88.89999999999972,32368.864
88.99999999999972,32422.887
89.09999999999971,32476.94
89.19999999999972,32531.023
89.29999999999971,32585.136
89.39999999999971,32639.279
89.49999999999972,32693.452
89.59999999999971,32747.655
89.6999999999997,32801.887
89.79999999999971,32856.15
89.89999999999971,32910.443
89.99999999999972,32964.765
90.09999999999971,33019.117
90.1999999999997,33073.5
90.29999999999971,33127.911
90.39999999999971,33182.353
90.49999999999972,33236.825
90.59999999999971,33291.326
90.6999999999997,33345.857
90.79999999999971,33400.418
90.89999999999971,33455.009
90.9999999999997,33509.629
91.09999999999971,33564.279
91.1999999999997,33618.958
91.2999999999997,33673.668
91.39999999999971,33728.407
91.4999999999997,33783.175
91.59999999999971,33837.973
91.6999999999997,33892.801
91.7999999999997,33947.659
91.89999999999971,34002.545
91.9999999999997,34057.462
92.09999999999971,34112.408
92.1999999999997,34167.383
92.2999999999997,34222.389
92.39999999999971,34277.423
92.4999999999997,34332.487
92.5999999999997,34387.58
92.6999999999997,34442.703
92.7999999999997,34497.856
92.8999999999997,34553.037
92.9999999999997,34608.248
93.0999999999997,34663.489
93.1999999999997,34718.759
93.2999999999997,34774.058
93.3999999999997,34829.386
93.4999999999997,34884.744
93.5999999999997,34940.131
93.6999999999997,34995.548
93.7999999999997,35050.993
93.8999999999997,35106.468
93.9999999999997,35161.972
94.0999999999997,35217.506
94.19999999999969,35273.068
94.2999999999997,35328.66
94.3999999999997,35384.281
94.49999999999969,35439.931
94.5999999999997,35495.61
94.69999999999969,35551.319
94.7999999999997,35607.056
94.8999999999997,35662.823
94.99999999999969,35718.619
95.0999999999997,35774.443
95.19999999999969,35830.297
95.2999999999997,35886.18
95.3999999999997,35942.092
95.49999999999969,35998.033
95.5999999999997,36054.002
95.69999999999969,36110.001
95.79999999999968,36166.029
95.8999999999997,36222.086
95.99999999999969,36278.171
96.09999999999968,36334.286
96.19999999999969,36390.43
96.29999999999968,36446.602
96.3999999999997,36502.803
96.49999999999969,36559.033
96.59999999999968,36615.292
96.69999999999969,36671.58
96.79999999999968,36727.897
96.8999999999997,36784.242
96.99999999999969,36840.616
97.09999999999968,36897.019
97.19999999999969,36953.451
97.29999999999968,37009.911
97.39999999999968,37066.4
97.49999999999969,37122.918
97.59999999999968,37179.465
97.69999999999968,37236.04
97.79999999999968,37292.644
97.89999999999968,37349.277
97.99999999999969,37405.938
98.09999999999968,37462.628
98.19999999999968,37519.346
98.29999999999968,37576.093
98.39999999999968,37632.869
98.49999999999969,37689.673
98.59999999999968,37746.506
98.69999999999968,37803.367
98.79999999999968,37860.257
98.89999999999968,37917.175
98.99999999999967,37974.122
99.09999999999968,38031.097
99.19999999999968,38088.101
99.29999999999967,38145.133
99.39999999999968,38202.194
99.49999999999967,38259.283
99.59999999999968,38316.401
99.69999999999968,38373.546
99.79999999999967,38430.721
99.89999999999968,38487.923
99.99999999999967,38545.154
200.0,108213.493
300.0,198306.537
500.0,425837.46
800.0,860866.971
1000.0,1202647.595
1100.0,1387293.173
